Machine,Strategy,Tool_Type,Tool_Diameter,Tool_Tip_Radius,Tool_Length,Overhang,Num_of_Flutes,Gauge_Length,Holder,Tolerance,Block_X,Block_Y,Block_Z,Max_X,Min_X,Max_Y,Min_Y,Max_Z,Min_Z,Skim_Distance,Plunge_Distance,Global_Thickness,Radial_Thickness,Axial_Thickness,Cutting_Feed_Rate,Plunge_Feed_Rate,Rapid_Feed_Rate,Spindle,Cut_Length,Stepover,Stepdown,Machining_Thickness,Estimasi_Detik,Aktual_Detik
F1,Offset Area Clearance,Ball Nosed,6.0,3.0,50.5,30.0,2,114.0,MINI-MINI CHCUK MMC8-90,0.1,162.0,176.39,176.395,145.15,-5.15,108.143,-70.232,10.643,-138.65,5,2.0,0.3,0.0,0.0,1337,668.5,7000,7427,6606.72,3.0,0.3,0.3,537,932
F1,Offset Area Clearance,Ball Nosed,6.0,3.0,50.5,30.0,2,114.0,MINI-MINI CHCUK MMC8-90,0.1,162.0,176.39,176.395,145.15,-5.15,117.435,-10.643,108.143,-48.813,5,2.0,0.3,0.0,0.0,1337,668.5,7000,7427,5379.75,3.0,0.3,0.3,425,711
F1,Offset Area Clearance,Ball Nosed,6.0,3.0,50.5,30.0,2,114.0,MINI-MINI CHCUK MMC8-90,0.1,162.0,176.39,176.395,145.15,-5.15,70.232,-108.143,138.65,-10.643,5,2.0,0.3,0.0,0.0,1337,668.5,7000,7427,6838.69,3.0,0.3,0.3,557,958
F1,Offset Area Clearance,Ball Nosed,6.0,3.0,50.5,30.0,2,114.0,MINI-MINI CHCUK MMC8-90,0.1,162.0,176.39,176.395,145.15,-5.15,10.643,-138.65,70.232,-108.143,5,2.0,0.3,0.0,0.0,1337,668.5,7000,7427,6799.37,3.0,0.3,0.3,553,954
F1,Surface Machine,Ball Nosed,6.0,3.0,50.5,31.2,2,115.2,MINI-MINI CHCUK MMC8-90,0.005,144.0,181.381,181.381,146.297,-6.132,112.765,-70.893,13.347,-138.957,5,2.0,0.15,0.0,0.0,1200,600.0,7000,7000,23385.4,1.0,0.0,0.15,1423,1726
F1,Surface Machine,Ball Nosed,6.0,3.0,50.5,31.2,2,115.2,MINI-MINI CHCUK MMC8-90,0.005,144.0,181.381,181.381,146.297,-6.129,138.957,-13.225,112.738,-70.893,5,2.0,0.15,0.0,0.0,1200,600.0,7000,7000,23385.1,1.0,0.0,0.15,1419,1706
F1,Surface Machine,Ball Nosed,6.0,3.0,50.5,31.2,2,115.2,MINI-MINI CHCUK MMC8-90,0.005,144.0,181.381,181.381,146.297,-6.131,70.893,-112.756,138.957,-13.306,5,2.0,0.15,0.0,0.0,1200,600.0,7000,7000,23385.0,1.0,0.0,0.15,1419,1716
F1,Surface Machine,Ball Nosed,6.0,3.0,50.5,31.2,2,115.2,MINI-MINI CHCUK MMC8-90,0.005,144.0,181.381,181.381,146.297,-6.131,11.942,-138.62,69.909,-113.459,5,2.0,0.15,0.0,0.0,1200,600.0,7000,7000,23385.1,1.0,0.0,0.15,1376,1696
PRO,Constant Z,End Mill,6.0,0.0,40.0,25.2,2,109.7,MINI-MINI CHCUK MMC8-90,0.005,300.0,150.0,0.5,210.451,-21.999,73.552,-37.447,-16.5,-50.0,5,2.0,0.0,0.0,0.0,1400,700.0,7000,6000,801.139,0.0,0.5,0.0,38,60
PRO,Offset Area Clearance,End Mill,6.0,0.0,40.0,18.6,2,103.1,MINI-MINI CHCUK MMC8-90,0.1,250.0,110.0,15.35,94.113,-4.649,10.965,-4.633,-0.15,-50.0,5,2.0,0.0,0.3,0.15,1000,500.0,7000,5000,3541.58,3.0,0.25,0.3,330,422
PRO,Constant Z,End Mill,6.0,0.0,40.0,18.6,2,103.1,MINI-MINI CHCUK MMC8-90,0.11,250.0,110.0,4.35,191.518,94.113,54.621,-18.522,-0.161,-50.0,5,2.0,0.0,0.4,0.0,1000,500.0,7000,6000,918.917,0.0,0.25,0.4,57,297
PRO,Constant Z,End Mill,6.0,0.0,40.0,18.6,2,103.1,MINI-MINI CHCUK MMC8-90,0.05,250.0,110.0,15.35,191.798,21.38,54.894,-18.787,-0.155,-50.0,5,2.0,0.0,0.15,0.0,1800,900.0,7000,6000,9149.88,0.0,0.5,0.15,307,328
PRO,Constant Z,End Mill,6.0,0.0,40.0,18.6,2,103.1,MINI-MINI CHCUK MMC8-90,0.005,250.0,110.0,15.35,191.974,94.113,55.075,-18.971,-0.15,-50.0,5,2.0,0.0,-0.025,0.0,1800,900.0,7000,6000,2093.67,0.0,2.0,-0.025,71,276
PRO,Constant Z,End Mill,6.0,0.0,40.0,18.6,2,103.1,MINI-MINI CHCUK MMC8-90,0.005,250.0,110.0,15.3,94.113,-5.023,10.965,-5.024,-0.2,-50.0,5,2.0,0.0,-0.025,0.0,1400,700.0,7000,6000,536.698,0.0,1.0,-0.025,24,107
PRO,Constant Z,End Mill,6.0,0.0,40.0,18.6,2,103.1,MINI-MINI CHCUK MMC8-90,0.005,250.0,110.0,15.35,94.113,21.207,28.382,-8.71,-12.302,-50.0,5,2.0,0.0,-0.01,0.0,1800,900.0,7000,6000,951.005,0.0,1.0,-0.01,32,60
PRO,Pencil Corner,End Mill,6.0,0.0,40.0,18.6,2,103.1,MINI-MINI CHCUK MMC8-90,0.005,250.0,110.0,15.35,94.113,21.219,28.372,-8.7,-12.3,-50.0,5,2.0,0.0,0.0,0.0,1400,140.0,7000,6000,190.133,0.0,0.0,0.0,10,29
PRO,Pattern,Ball Nosed,6.0,3.0,50.5,15.0,2,99.0,MINI-MINI CHCUK MMC8-90,0.005,300.0,150.0,16.35,193.452,-6.499,56.552,-20.446,-14.778,-50.0,5,2.0,0.0,-0.5,0.0,800,400.0,7000,7000,482.31,5.0,0.0,-0.5,43,76
PRO,Constant Z,End Mill,8.0,0.0,40.0,41.6,2,89.6,dummy toolholder name,0.005,300.0,150.0,16.35,211.951,-23.5,75.053,-38.946,-0.151,-50.0,5,2.0,0.0,0.5,0.0,1400,700.0,7000,6000,1734.27,0.0,0.5,0.5,76,1081
PRO,Constant Z,End Mill,8.0,0.0,40.0,41.6,2,89.6,dummy toolholder name,0.005,300.0,150.0,16.35,211.451,-23.0,74.552,-38.447,-0.15,-50.0,5,2.0,0.0,0.0,0.0,1400,700.0,7000,6000,6324.48,0.0,2.0,0.0,273,303
PRO,Pattern,Ball Nosed,6.0,3.0,50.5,27.0,2,111.0,MINI-MINI CHCUK MMC8-90,0.005,300.0,150.0,16.35,208.951,-20.498,72.053,-35.947,-14.778,-50.0,5,2.0,0.0,-0.5,0.0,800,400.0,7000,7000,559.246,5.0,0.0,-0.5,44,85
PRO,Constant Z,End Mill,6.0,0.0,40.0,18.6,2,103.1,MINI-MINI CHCUK MMC8-90,0.005,250.0,135.0,15.5,95.0,21.218,28.37,-8.7,50.0,-2.906,5,2.0,0.0,0.0,0.0,1000,500.0,7000,5000,760.55,0.0,1.0,0.0,47,90
PRO,Pencil Corner,End Mill,6.0,0.0,40.0,18.6,2,103.1,MINI-MINI CHCUK MMC8-90,0.005,250.0,135.0,15.5,95.0,21.218,28.371,-8.7,50.0,-3.2,5,2.0,0.0,0.0,0.0,1000,500.0,7000,5000,190.134,0.0,0.0,0.0,13,39
PRO,Pattern,Ball Nosed,6.0,3.0,50.5,15.0,2,99.0,MINI-MINI CHCUK MMC8-90,0.005,250.0,135.0,15.5,193.452,-6.499,56.552,-20.446,50.0,-0.722,5,2.0,0.0,-0.5,0.0,800,400.0,7000,7000,482.31,5.0,0.0,-0.5,45,106
PRO,Constant Z,End Mill,8.0,0.0,60.0,40.0,2,124.5,michuck2,0.01,391.0,300.0,0.1,189.7,-189.7,146.5,-146.5,70.0,21.001,5,2.0,0.0,0.2,0.0,2000,1000.0,7000,7000,3850.21,0.0,0.1,0.2,133,168
PRO,Drilling,Drill,3.0,0.0,4.5,30.0,2,164.0,dummy toolholder name,0.003,391.0,286.6,20.0,179.5,-179.5,117.3,-117.3,70.0,17.0,5,2.0,0.0,0.0,0.0,100,10.0,7000,2000,60.0,0.0,0.0,0.0,57,108
PRO,Drilling,Drill,4.2,0.0,21.0,40.0,2,174.0,dummy toolholder name,0.003,391.0,286.6,20.0,179.5,-179.5,117.3,-117.3,70.0,0.0,5,2.0,0.0,0.0,0.0,200,20.0,7000,2000,274.4,0.0,0.0,0.0,117,211
PRO,Constant Z,Ball Nosed,6.0,3.0,50.5,25.0,2,109.0,MINI-MINI CHCUK MMC8-90,0.003,391.0,286.6,19.9,59.859,-59.859,121.662,-121.66,70.0,15.811,5,2.0,-0.25,0.0,0.0,1400,700.0,7000,9000,1708.62,0.0,0.15,-0.25,82,99
PRO,Raster,Ball Nosed,6.0,3.0,50.5,25.0,2,109.0,MINI-MINI CHCUK MMC8-90,0.005,391.0,286.6,20.5,47.728,-47.727,143.25,-143.25,70.0,12.247,5,2.0,0.0,0.0,0.0,3000,1500.0,7000,9000,89861.6,0.3,0.0,0.0,2042,3677
PRO,Along Corner,Ball Nosed,6.0,3.0,50.5,25.0,2,109.0,MINI-MINI CHCUK MMC8-90,0.005,391.0,286.6,7.5,44.625,-44.625,108.887,-108.877,70.0,12.5,5,2.0,0.0,0.0,0.0,3000,1500.0,7000,9000,4735.89,0.0,0.0,0.0,124,218
PRO,Raster,Ball Nosed,6.0,3.0,50.5,25.0,2,109.0,MINI-MINI CHCUK MMC8-90,0.003,391.0,286.6,20.5,188.3,-188.3,143.657,-143.749,70.0,16.336,5,2.0,0.0,0.0,0.0,3000,1500.0,7000,9000,8394.76,0.2,0.0,0.0,193,261
PRO,Constant Z,End Mill,4.0,0.0,40.0,21.2,2,105.2,MINI-MINI CHCUK MMC8-90,0.005,391.0,286.6,20.0,180.748,-180.748,118.548,-118.548,70.0,0.001,5,2.0,0.0,0.0,0.0,700,350.0,7000,9000,708.045,0.0,2.0,0.0,136,160
PRO,Offset Flat,End Mill,4.0,0.0,40.0,21.2,2,105.2,MINI-MINI CHCUK MMC8-90,0.004,391.0,286.6,20.0,45.635,-45.635,127.66,-127.66,70.0,11.9,5,2.0,0.0,-0.01,0.0,1000,500.0,7000,9000,3745.92,1.5,0.0,-0.01,290,342
PRO,Drilling,Drill,4.1,0.0,20.5,30.0,2,164.0,dummy toolholder name,0.003,391.0,286.6,20.0,55.5,-55.5,117.3,-117.3,70.0,8.5,5,2.0,0.0,0.0,0.0,640,1.6,7000,800,108.0,0.0,0.0,0.0,16,86
PRO,Along Corner,Ball Nosed,6.0,3.0,50.5,25.0,2,109.0,MINI-MINI CHCUK MMC8-90,0.005,391.0,286.6,7.5,155.625,-155.625,108.889,-108.878,70.0,12.5,5,2.0,0.0,0.0,0.0,3000,1500.0,7000,9000,9470.81,0.0,0.0,0.0,261,433
PRO,Offset Flat,End Mill,4.0,0.0,40.0,21.2,2,105.2,MINI-MINI CHCUK MMC8-90,0.004,391.0,286.6,20.0,156.635,-156.635,127.66,-127.66,70.0,11.9,5,2.0,0.0,-0.01,0.0,1000,500.0,7000,9000,7492.22,1.5,0.0,-0.01,574,656
F1,Offset Area Clearance,End Mill,8.0,0.0,40.0,25.0,2,177.0,SHRINKFITA2,0.01,350.0,90.0,35.5,4.2,-354.2,24.885,-73.088,30.0,16.007,5,2.0,0.0,0.0,0.0,2000,1000.0,7000,6000,4983.0,0.3,0.0,0.0,402,1036
F1,Offset Area Clearance,End Mill,8.0,0.0,40.0,25.0,2,177.0,SHRINKFITA2,0.005,350.0,90.0,35.5,3.27,-352.438,33.264,24.5,30.0,-5.519,5,2.0,0.0,0.0,0.0,1800,1000.0,7000,6000,2824.58,4.0,0.0,0.0,243,348
F1,Pattern,Tip Radiused,17.0,3.0,85.0,30.0,2,85.0,dummy toolholder name,0.01,350.0,90.0,35.5,10.0,-360.0,19.673,-67.873,30.0,15.443,5,2.0,0.0,0.0,0.2,2000,1000.0,7000,4000,19965.6,5.0,0.0,0.0,755,811
F1,Offset Area Clearance,Tip Radiused,17.0,3.0,85.0,30.0,2,85.0,dummy toolholder name,0.1,350.0,90.0,35.5,8.925,-358.925,29.825,-78.025,30.0,9.994,5,2.0,0.3,0.0,0.0,2000,1000.0,7000,4000,49216.8,10.0,0.0,0.3,1901,2684
F1,Offset Area Clearance,Tip Radiused,17.0,3.0,85.0,30.0,2,85.0,dummy toolholder name,0.1,350.0,90.0,35.5,8.925,-358.5,29.825,-78.025,30.0,2.536,5,2.0,0.3,0.0,0.0,2000,1000.0,7000,4000,49329.5,10.0,0.0,0.3,1829,2484
F1,Offset Area Clearance,Tip Radiused,17.0,3.0,85.0,30.0,2,85.0,dummy toolholder name,0.1,350.0,90.0,35.5,8.925,-358.5,29.825,-78.025,30.0,-5.519,5,2.0,0.3,0.0,0.0,2000,1000.0,7000,4000,44979.7,10.0,0.0,0.3,1657,2186
F1,Pattern,Tip Radiused,17.0,3.0,85.0,30.0,2,85.0,dummy toolholder name,0.01,339.569,84.5,32.735,7.0,-339.388,28.25,-61.5,30.0,12.85,5,2.0,0.0,0.0,0.0,2000,1000.0,7000,4000,2509.23,5.0,0.0,0.0,105,130
F1,Offset Area Clearance,Ball Nosed,6.0,3.0,50.5,20.8,2,104.8,MINI-MINI CHCUK MMC8-90,0.1,350.0,90.0,35.5,2.495,-341.71,20.151,-45.927,30.0,-4.027,5,2.0,0.3,0.0,0.0,1200,800.0,10000,7000,16034.8,3.0,0.0,0.3,1207,1717
F1,Constant Z,End Mill,8.0,0.0,40.0,25.0,2,177.0,SHRINKFITA2,0.01,350.0,90.0,35.5,-273.58,-341.066,8.3,-19.9,30.0,8.502,5,2.0,0.0,0.0,0.0,1000,500.0,7000,6000,2508.34,0.0,0.3,0.0,186,253
F1,Pattern,End Mill,8.0,0.0,40.0,25.0,2,177.0,SHRINKFITA2,0.01,350.0,90.0,35.5,-315.673,-343.695,-35.1,-56.499,30.0,5.5,5,2.0,0.0,0.0,0.07,1000,500.0,7000,6000,97.7555,5.0,0.0,0.0,9,74
F1,Pattern,End Mill,8.0,0.0,40.0,25.0,2,177.0,SHRINKFITA2,0.004,347.0,84.5,32.735,-279.307,-348.706,8.3,-62.5,30.0,5.4,5,2.0,0.0,-0.05,0.0,1500,750.0,7000,6500,294.822,5.0,0.0,-0.05,18,113
F1,Pattern,End Mill,8.0,0.0,40.0,25.0,2,177.0,SHRINKFITA2,0.004,347.0,84.5,32.735,0.28,-347.856,33.515,-62.5,30.0,8.5,5,2.0,0.0,-0.05,0.0,1500,1000.0,10000,6500,890.728,5.0,0.0,-0.05,52,233
F1,Drilling,Drill,4.2,0.0,21.0,20.0,2,154.0,dummy toolholder name,0.004,350.0,90.0,35.5,-5.0,-311.861,15.3,-47.4,30.0,0.0,5,2.0,0.0,0.0,0.0,80,8.0,7000,4000,121.41,0.0,0.0,0.0,107,207
F1,Interleaved Constant Z,Ball Nosed,6.0,3.0,50.5,15.0,2,99.0,MINI-MINI CHCUK MMC8-90,0.005,350.0,90.0,35.5,-265.0,-343.2,14.264,-58.367,30.0,1.496,5,2.0,0.0,0.0,0.0,2000,1500.0,10000,9000,8265.26,0.25,0.0,0.0,337,835
F1,Constant Z,End Mill,4.0,0.0,40.0,10.0,2,94.0,MINI-MINI CHCUK MMC8-90,0.005,350.0,90.0,35.5,0.403,-305.973,-0.7,-44.3,30.0,8.613,5,2.0,0.0,0.0,0.0,764,382.0,10000,4775,953.708,0.0,0.15,0.0,93,141
F1,Offset Flat,End Mill,4.0,0.0,40.0,10.0,2,94.0,MINI-MINI CHCUK MMC8-90,0.005,350.0,90.0,35.5,-0.594,-306.032,-0.701,-44.3,30.0,8.5,5,2.0,0.0,0.0,0.0,764,382.0,10000,4775,85.8944,2.0,0.0,0.0,11,29
F1,Pattern,End Mill,4.0,0.0,40.0,10.0,2,94.0,MINI-MINI CHCUK MMC8-90,0.005,350.0,90.0,35.5,3.0,-175.0,16.066,-24.1,30.1,12.897,5,2.0,0.0,-0.1,0.0,360,36.0,7000,4500,1805.66,5.0,0.0,-0.1,390,542
F1,Stitch Corner,End Mill,4.0,0.0,40.0,10.0,2,94.0,MINI-MINI CHCUK MMC8-90,0.005,350.0,90.0,35.5,-336.832,-340.186,-20.053,-29.98,30.0,11.109,5,2.0,0.0,0.0,0.0,478,239.0,7000,4775,256.436,0.0,0.0,0.0,42,82
F1,Multipencil Corner,Ball Nosed,3.0,1.5,15.0,20.0,2,104.0,MINI-MINI CHCUK MMC8-90,0.004,350.0,90.0,35.5,-272.834,-336.442,4.697,-0.3,30.0,8.662,5,2.0,0.0,0.0,0.0,1000,500.0,7000,10000,717.318,0.0,0.0,0.0,53,166
F1,Drilling,Drill,4.2,0.0,21.0,20.0,2,154.0,dummy toolholder name,0.004,350.0,90.0,35.5,-5.0,-311.861,15.3,-47.4,30.0,3.235,5,2.0,0.0,0.0,0.0,160,500.0,7000,200,168.0,0.0,0.0,0.0,68,430
F1,Constant Z,Ball Nosed,6.0,3.0,50.5,30.0,2,114.0,MINI-MINI CHCUK MMC8-90,0.005,339.42,74.979,30.87,284.73,169.71,80.0,11.216,-16.955,-50.319,5,2.0,0.0,0.1,0.0,1200,600.0,7000,7000,115.082,0.0,0.3,0.1,8,25
F1,Rotary,Ball Nosed,6.0,3.0,50.5,30.0,2,114.0,MINI-MINI CHCUK MMC8-90,0.005,31.0,30.0,30.0,211.0,186.0,80.0,-9.58,9.579,-9.581,5,2.0,0.0,0.0,0.0,2000,1000.0,7000,9000,5176.62,0.3,0.0,0.0,156,965
F1,Drilling,Drill,2.0,0.0,6.4,30.0,2,164.0,dummy toolholder name,0.005,339.647,74.974,30.785,302.06,169.823,80.0,6.505,-16.957,-43.2,5,2.0,0.0,0.0,0.0,28,14.0,7000,2100,4.0,0.0,0.0,0.0,10,24
F1,Drilling,Drill,2.0,0.0,6.4,30.0,2,164.0,dummy toolholder name,0.005,9.75,6.0,21.5,302.06,8.0,0.0,-6.5,-5.8,-100.0,5,2.0,0.0,0.0,0.0,28,14.0,7000,2100,10.0,0.0,0.0,0.0,25,36
F1,Drilling,Drill,3.0,0.0,60.0,30.0,2,164.0,dummy toolholder name,0.005,339.647,74.974,30.785,302.06,169.823,80.0,-14.0,-16.957,-43.2,5,2.0,0.0,0.0,0.0,28,14.0,7000,1400,29.005,0.0,0.0,0.0,74,388
F1,Drilling,Drill,8.5,0.0,70.0,40.0,2,174.0,dummy toolholder name,0.005,9.75,6.0,21.5,302.06,293.185,0.0,0.0,-31.0,-100.0,5,2.0,0.0,0.0,0.0,30,15.0,7000,494,29.7,0.0,0.0,0.0,62,358
F1,Profile Area Clearance,Tip Radiused,12.4,3.0,30.0,45.0,2,102.0,dummy toolholder name,0.1,339.42,74.979,30.87,169.71,28.876,5.564,-5.571,4.539,-80.0,5,2.0,0.2,0.0,0.0,1400,700.0,7000,5500,12342.8,0.0,0.2,0.2,670,900
F1,Pattern,Ball Nosed,6.0,3.0,50.5,30.0,2,114.0,MINI-MINI CHCUK MMC8-90,0.005,108.548,34.825,15.913,218.723,184.377,80.3,1.8,11.777,-11.778,5,2.0,0.0,0.0,0.0,2000,1000.0,9000,9000,6251.9,5.0,0.0,0.0,189,283
F1,Pattern,Ball Nosed,6.0,3.0,50.5,30.0,2,114.0,MINI-MINI CHCUK MMC8-90,0.005,108.548,34.825,15.913,218.723,184.377,-1.8,-80.3,11.777,-11.778,5,2.0,0.0,0.0,0.0,2000,1000.0,9000,9000,6251.94,5.0,0.0,0.0,189,269
F1,3D Offset,Ball Nosed,6.0,3.0,50.5,30.0,2,114.0,MINI-MINI CHCUK MMC8-90,0.004,108.548,40.0,15.913,272.997,163.649,-2.202,-80.0,17.995,-17.68,5,2.0,0.0,0.0,0.0,1600,800.0,7000,10000,15737.1,0.2,0.0,0.0,621,758
F1,Constant Z,Ball Nosed,6.0,3.0,50.5,30.0,2,114.0,MINI-MINI CHCUK MMC8-90,0.005,108.548,34.825,24.413,272.495,167.695,6.995,-80.0,16.933,-16.256,5,2.0,0.0,-0.05,0.0,2000,1000.0,9000,9000,10984.1,0.0,0.2,-0.05,557,819
F1,Constant Z,End Mill,2.0,0.0,10.64,15.0,2,99.0,MINI-MINI CHCUK MMC8-90,0.005,28.2,25.44,9.8,14.1,7.494,0.0,-7.005,1.0,-80.0,5,2.0,0.0,-0.007,0.0,200,100.0,7000,6000,446.801,0.0,0.07,-0.007,140,172
F1,Constant Z,End Mill,2.0,0.0,10.64,15.0,2,99.0,MINI-MINI CHCUK MMC8-90,0.005,28.2,25.44,10.15,14.1,7.493,0.0,-7.007,80.0,-1.0,5,2.0,0.0,-0.007,0.0,200,100.0,7000,6000,462.674,0.0,0.07,-0.007,145,176
F1,3D Offset,Ball Nosed,6.0,3.0,50.5,30.0,2,114.0,MINI-MINI CHCUK MMC8-90,0.004,108.548,40.0,15.913,272.997,163.985,80.0,2.202,17.946,-17.7,5,2.0,0.0,0.0,0.0,1600,800.0,7000,10000,15734.8,0.2,0.0,0.0,621,764
F1,Constant Z,Ball Nosed,6.0,3.0,50.5,22.4,2,105.4,dummy toolholder name,0.005,90.481,7.984,16.0,109.518,24.982,-16.765,-34.872,72.501,36.136,5,2.0,0.0,-0.02,0.0,800,400.0,7000,7000,1881.7,0.0,0.1,-0.02,146,308
F1,Constant Z,Ball Nosed,6.0,3.0,50.5,22.4,2,105.4,dummy toolholder name,0.005,90.481,7.984,16.0,109.518,24.982,-39.15,-78.034,18.754,8.065,5,2.0,0.0,-0.02,0.0,800,400.0,7000,7000,1881.7,0.0,0.1,-0.02,146,308
F1,Constant Z,Ball Nosed,6.0,3.0,50.5,22.4,2,105.4,dummy toolholder name,0.005,90.481,7.984,16.0,109.518,24.982,-31.189,-63.156,-24.594,-50.019,5,2.0,0.0,-0.02,0.0,800,400.0,7000,7000,1881.7,0.0,0.1,-0.02,146,308
F1,Constant Z,Ball Nosed,6.0,3.0,50.5,22.4,2,105.4,dummy toolholder name,0.005,90.481,7.984,16.0,109.518,24.982,1.018,-1.018,-40.2,-80.0,5,2.0,0.0,-0.02,0.0,800,400.0,7000,7000,1881.7,0.0,0.1,-0.02,146,308
F1,Constant Z,Ball Nosed,6.0,3.0,50.5,22.4,2,105.4,dummy toolholder name,0.005,90.481,7.984,16.0,109.518,24.982,62.658,31.19,-24.583,-50.643,5,2.0,0.0,-0.02,0.0,800,400.0,7000,7000,1881.7,0.0,0.1,-0.02,146,308
F1,Constant Z,Ball Nosed,6.0,3.0,50.5,22.4,2,105.4,dummy toolholder name,0.005,90.481,7.984,16.0,109.518,24.982,78.212,39.15,17.976,8.076,5,2.0,0.0,-0.02,0.0,800,400.0,7000,7000,1881.7,0.0,0.1,-0.02,146,308
F1,Constant Z,Ball Nosed,6.0,3.0,50.5,22.4,2,105.4,dummy toolholder name,0.005,90.481,7.984,16.0,109.518,24.982,35.591,16.744,72.155,36.136,5,2.0,0.0,-0.02,0.0,800,400.0,7000,7000,1881.7,0.0,0.1,-0.02,146,308
F1,Constant Z,End Mill,6.0,0.0,40.0,40.0,2,122.5,MINI-MINI CHCUK MMC8-90 TAPER,0.006,126.1,15.527,40.85,127.623,7.678,95.169,32.738,-4.513,-40.537,5,1.0,0.0,-0.025,0.0,1000,500.0,7000,5000,6695.79,0.0,0.25,-0.025,527,745
F1,Constant Z,End Mill,6.0,0.0,40.0,40.0,2,122.5,MINI-MINI CHCUK MMC8-90 TAPER,0.006,126.1,15.527,40.85,127.623,7.678,95.169,32.738,-4.513,-40.537,5,2.0,0.0,-0.025,0.0,1000,500.0,7000,5000,1857.28,0.0,0.25,-0.025,161,335
F1,Constant Z,End Mill,6.0,0.0,40.0,40.0,2,122.5,MINI-MINI CHCUK MMC8-90 TAPER,0.005,126.1,15.527,17.7,118.509,16.791,91.601,22.668,-5.448,-37.991,5,1.0,0.0,-0.01,0.0,800,400.0,7000,5000,2332.32,0.0,0.15,-0.01,182,260
F1,Constant Z,End Mill,6.0,0.0,40.0,40.0,2,122.5,MINI-MINI CHCUK MMC8-90 TAPER,0.006,126.1,15.527,6.7,116.508,18.793,76.1,17.455,-10.628,-39.116,5,1.0,0.0,-0.01,0.0,600,300.0,7000,4000,859.002,0.0,0.05,-0.01,90,385
F1,Drilling,Drill,2.0,0.0,2.5,50.2,2,134.2,mini chuck,0.005,125.5,14.136,18.15,92.25,42.25,-23.946,-44.074,88.386,16.767,5,3.0,0.0,0.0,0.0,28,15.0,7000,1600,10.0,0.0,0.0,0.0,124,120
F1,Drilling,Drill,2.0,0.0,2.5,50.2,2,134.2,mini chuck,0.005,125.5,14.136,18.15,92.25,42.25,-40.589,-86.391,33.43,-24.004,5,3.0,0.0,0.0,0.0,28,15.0,7000,1600,10.0,0.0,0.0,0.0,124,120
F1,Drilling,Drill,2.0,0.0,2.5,50.2,2,134.2,mini chuck,0.005,125.5,14.136,18.15,92.25,42.25,-6.54,-80.0,-40.331,-46.7,5,3.0,0.0,0.0,0.0,28,15.0,7000,1600,10.0,0.0,0.0,0.0,124,120
F1,Drilling,Drill,2.0,0.0,2.5,50.2,2,134.2,mini chuck,0.005,125.5,14.136,18.15,92.25,42.25,32.434,-13.368,-34.23,-91.663,5,3.0,0.0,0.0,0.0,28,15.0,7000,1600,10.0,0.0,0.0,0.0,124,120
F1,Drilling,Drill,2.0,0.0,2.5,50.2,2,134.2,mini chuck,0.005,125.5,14.136,18.15,92.25,42.25,63.331,46.984,4.016,-67.603,5,3.0,0.0,0.0,0.0,28,15.0,7000,1600,10.0,0.0,0.0,0.0,124,120
F1,Drilling,Drill,2.0,0.0,2.5,50.2,2,134.2,mini chuck,0.005,125.5,14.136,18.15,92.25,42.25,92.34,26.154,39.238,6.36,5,3.0,0.0,0.0,0.0,28,15.0,7000,1600,10.0,0.0,0.0,0.0,124,120
F1,Drilling,Drill,2.0,0.0,2.5,50.2,2,134.2,mini chuck,0.005,125.5,14.136,18.15,92.25,42.25,51.815,-14.37,76.786,44.913,5,3.0,0.0,0.0,0.0,28,15.0,7000,1600,10.0,0.0,0.0,0.0,124,120
F1,Drilling,Drill,2.0,0.0,2.5,50.2,2,134.2,mini chuck,0.005,125.5,14.136,18.15,127.0,8.3,90.518,16.188,-3.162,-39.376,5,3.0,0.0,0.0,0.0,28,15.0,7000,1600,20.0,0.0,0.0,0.0,216,181
F1,Drilling,Drill,5.0,0.0,70.0,72.0,2,206.0,dummy toolholder name,0.005,125.5,14.136,18.15,92.25,42.25,-23.946,-46.197,88.386,7.467,5,3.0,0.0,0.0,0.0,38,45.0,7000,960,33.2794,0.0,0.0,0.0,90,120
F1,Drilling,Drill,5.0,0.0,70.0,72.0,2,206.0,dummy toolholder name,0.005,125.5,14.136,18.15,92.25,42.25,-34.641,-86.391,33.43,-31.462,5,3.0,0.0,0.0,0.0,38,45.0,7000,960,33.2794,0.0,0.0,0.0,90,120
F1,Drilling,Drill,5.0,0.0,70.0,72.0,2,206.0,dummy toolholder name,0.005,125.5,14.136,18.15,92.25,42.25,3.0,-80.0,-40.331,-46.7,5,3.0,0.0,0.0,0.0,38,45.0,7000,960,33.2794,0.0,0.0,0.0,90,120
F1,Drilling,Drill,5.0,0.0,70.0,72.0,2,206.0,dummy toolholder name,0.005,125.5,14.136,18.15,92.25,42.25,38.382,-13.368,-26.771,-91.663,5,3.0,0.0,0.0,0.0,38,45.0,7000,960,33.2794,0.0,0.0,0.0,90,120
F1,Drilling,Drill,5.0,0.0,70.0,72.0,2,206.0,dummy toolholder name,0.005,125.5,14.136,18.15,92.25,42.25,63.331,44.862,13.317,-67.603,5,3.0,0.0,0.0,0.0,38,45.0,7000,960,33.2794,0.0,0.0,0.0,90,120
F1,Drilling,Drill,5.0,0.0,70.0,72.0,2,206.0,dummy toolholder name,0.005,125.5,14.136,18.15,92.25,42.25,92.34,17.559,43.377,6.36,5,3.0,0.0,0.0,0.0,38,45.0,7000,960,33.2794,0.0,0.0,0.0,90,120
F1,Drilling,Drill,5.0,0.0,70.0,72.0,2,206.0,dummy toolholder name,0.005,125.5,14.136,18.15,92.25,42.25,51.815,-22.965,76.786,40.774,5,3.0,0.0,0.0,0.0,38,45.0,7000,960,33.2794,0.0,0.0,0.0,90,120
F1,Drilling,Drill,5.0,0.0,70.0,72.0,2,206.0,dummy toolholder name,0.005,125.5,14.136,18.15,127.0,8.3,90.518,3.124,-3.162,-45.667,5,3.0,0.0,0.0,0.0,38,20.0,7000,960,97.2728,0.0,0.0,0.0,294,300
F1,Pattern,Ball Nosed,1.5,0.75,3.0,20.0,2,103.0,dummy toolholder name,0.005,136.5,1.7,5.993,135.5,-3.493,43.388,21.259,-44.147,-90.097,5,2.0,0.0,-0.1,0.0,500,250.0,7000,10000,848.249,5.0,0.0,-0.1,138,330
F1,Constant Z,End Mill,6.0,0.0,40.0,27.0,2,111.0,mini chuck,0.005,14.0,14.0,14.3,71.024,63.476,78.669,26.758,-3.812,-21.397,5,1.0,0.0,-0.025,0.0,800,400.0,7000,5000,1664.07,0.0,0.15,-0.025,130,190
F1,Constant Z,Ball Nosed,6.0,3.0,30.0,25.0,2,108.0,dummy toolholder name,0.005,90.481,7.984,18.0,109.523,24.977,1.023,-1.023,80.0,39.2,5,2.0,0.0,-0.025,0.0,1200,600.0,7000,7000,2148.17,0.0,0.1,-0.025,111,160
F1,Constant Z,Ball Nosed,6.0,3.0,30.0,25.0,2,108.0,dummy toolholder name,0.005,90.481,7.984,18.0,109.523,24.977,-30.405,-62.661,50.658,23.956,5,2.0,0.0,-0.025,0.0,1200,600.0,7000,7000,2148.17,0.0,0.1,-0.025,111,160
F1,Constant Z,Ball Nosed,6.0,3.0,30.0,25.0,2,108.0,dummy toolholder name,0.005,90.481,7.984,18.0,109.523,24.977,-38.174,-78.216,-7.85,-17.98,5,2.0,0.0,-0.025,0.0,1200,600.0,7000,7000,2148.17,0.0,0.1,-0.025,111,160
F1,Constant Z,Ball Nosed,6.0,3.0,30.0,25.0,2,108.0,dummy toolholder name,0.005,90.481,7.984,18.0,109.523,24.977,-16.305,-35.608,-35.233,-72.157,5,2.0,0.0,-0.025,0.0,1200,600.0,7000,7000,2148.17,0.0,0.1,-0.025,111,160
F1,Constant Z,Ball Nosed,6.0,3.0,30.0,25.0,2,108.0,dummy toolholder name,0.005,90.481,7.984,18.0,109.523,24.977,34.876,16.327,-35.233,-72.51,5,2.0,0.0,-0.025,0.0,1200,600.0,7000,7000,2148.17,0.0,0.1,-0.025,111,160
F1,Constant Z,Ball Nosed,6.0,3.0,30.0,25.0,2,108.0,dummy toolholder name,0.005,90.481,7.984,18.0,109.523,24.977,78.035,38.174,-7.838,-18.773,5,2.0,0.0,-0.025,0.0,1200,600.0,7000,7000,2148.17,0.0,0.1,-0.025,111,160
F1,Constant Z,Ball Nosed,6.0,3.0,30.0,25.0,2,108.0,dummy toolholder name,0.005,90.481,7.984,18.0,109.523,24.977,63.167,30.404,50.023,23.967,5,2.0,0.0,-0.025,0.0,1200,600.0,7000,7000,2148.17,0.0,0.1,-0.025,111,160
F1,Constant Z,End Mill,6.0,0.0,40.0,37.2,2,119.7,MINI-MINI CHCUK MMC8-90 TAPER,0.002,125.5,14.136,18.15,127.501,7.999,-41.781,-80.025,21.779,-19.32,5,1.0,0.0,0.0,0.0,1000,500.0,7000,5000,4397.96,0.0,0.3,0.0,348,570
F1,Constant Z,End Mill,6.0,0.0,40.0,37.2,2,119.7,MINI-MINI CHCUK MMC8-90 TAPER,0.002,125.5,14.136,18.15,127.501,7.999,-43.344,-80.025,21.779,-19.32,5,1.0,0.0,0.0,0.0,1200,600.0,7000,5000,542.773,0.0,0.3,0.0,39,90
F1,Constant Z,End Mill,6.0,0.0,40.0,37.2,2,119.7,MINI-MINI CHCUK MMC8-90 TAPER,0.002,107.5,10.999,17.7,118.499,17.001,-34.953,-74.417,22.757,-23.443,5,1.0,0.0,0.0,0.0,700,300.0,7000,5000,2324.03,0.0,0.15,0.0,207,229
F1,Constant Z,End Mill,6.0,0.0,40.0,37.2,2,119.7,MINI-MINI CHCUK MMC8-90 TAPER,0.006,107.5,10.999,17.7,116.497,19.004,-32.31,-72.578,23.054,-27.472,5,1.0,0.0,0.0,0.0,600,300.0,7000,5000,842.168,0.0,0.05,0.0,93,170
F1,Drilling,Drill,2.0,0.0,2.5,43.2,2,127.2,mini chuck,0.005,125.5,14.136,18.15,92.25,42.25,32.434,-13.368,91.663,34.23,5,3.0,0.0,0.0,0.0,28,15.0,7000,1600,10.0,0.0,0.0,0.0,124,89
F1,Drilling,Drill,2.0,0.0,2.5,43.2,2,127.2,mini chuck,0.005,125.5,14.136,18.15,92.25,42.25,-6.54,-80.0,46.7,40.331,5,3.0,0.0,0.0,0.0,28,15.0,7000,1600,10.0,0.0,0.0,0.0,124,89
F1,Drilling,Drill,2.0,0.0,2.5,43.2,2,127.2,mini chuck,0.005,125.5,14.136,18.15,92.25,42.25,-40.589,-86.391,24.004,-33.43,5,3.0,0.0,0.0,0.0,28,15.0,7000,1600,10.0,0.0,0.0,0.0,124,89
F1,Drilling,Drill,2.0,0.0,2.5,43.2,2,127.2,mini chuck,0.005,125.5,14.136,18.15,92.25,42.25,-23.946,-44.074,-16.767,-88.386,5,3.0,0.0,0.0,0.0,28,15.0,7000,1600,10.0,0.0,0.0,0.0,124,89
F1,Drilling,Drill,2.0,0.0,2.5,43.2,2,127.2,mini chuck,0.005,125.5,14.136,18.15,92.25,42.25,51.815,-14.37,-44.913,-76.786,5,3.0,0.0,0.0,0.0,28,15.0,7000,1600,10.0,0.0,0.0,0.0,124,89
F1,Drilling,Drill,2.0,0.0,2.5,43.2,2,127.2,mini chuck,0.005,125.5,14.136,18.15,92.25,42.25,92.34,26.154,-6.36,-39.238,5,3.0,0.0,0.0,0.0,28,15.0,7000,1600,10.0,0.0,0.0,0.0,124,89
F1,Drilling,Drill,2.0,0.0,2.5,43.2,2,127.2,mini chuck,0.005,125.5,14.136,18.15,92.25,42.25,63.331,46.984,67.603,-4.016,5,3.0,0.0,0.0,0.0,28,15.0,7000,1600,10.0,0.0,0.0,0.0,124,89
F1,Drilling,Drill,2.0,0.0,2.5,43.2,2,127.2,mini chuck,0.005,125.5,14.136,18.15,127.0,8.5,-31.981,-84.333,36.048,-28.062,5,2.0,0.0,0.0,0.0,28,20.0,7000,1600,16.0,0.0,0.0,0.0,40,1352
F1,Drilling,Drill,5.0,0.0,70.0,70.0,2,204.0,dummy toolholder name,0.005,125.5,14.136,18.15,92.25,42.25,38.382,-13.368,91.663,26.771,5,3.0,0.0,0.0,0.0,38,25.0,7000,960,33.2794,0.0,0.0,0.0,117,120
F1,Drilling,Drill,5.0,0.0,70.0,70.0,2,204.0,dummy toolholder name,0.005,125.5,14.136,18.15,92.25,42.25,3.0,-80.0,46.7,40.331,5,3.0,0.0,0.0,0.0,38,25.0,7000,960,33.2794,0.0,0.0,0.0,117,120
F1,Drilling,Drill,5.0,0.0,70.0,70.0,2,204.0,dummy toolholder name,0.005,125.5,14.136,18.15,92.25,42.25,-34.641,-86.391,31.462,-33.43,5,3.0,0.0,0.0,0.0,38,25.0,7000,960,33.2794,0.0,0.0,0.0,117,120
F1,Drilling,Drill,5.0,0.0,70.0,70.0,2,204.0,dummy toolholder name,0.005,125.5,14.136,18.15,92.25,42.25,-23.946,-46.197,-7.467,-88.386,5,3.0,0.0,0.0,0.0,38,25.0,7000,960,33.2794,0.0,0.0,0.0,117,120
F1,Drilling,Drill,5.0,0.0,70.0,70.0,2,204.0,dummy toolholder name,0.005,125.5,14.136,18.15,92.25,42.25,51.815,-22.965,-40.774,-76.786,5,3.0,0.0,0.0,0.0,38,25.0,7000,960,33.2794,0.0,0.0,0.0,117,120
F1,Drilling,Drill,5.0,0.0,70.0,70.0,2,204.0,dummy toolholder name,0.005,125.5,14.136,18.15,92.25,42.25,92.34,17.559,-6.36,-43.377,5,3.0,0.0,0.0,0.0,38,25.0,7000,960,33.2794,0.0,0.0,0.0,117,120
F1,Drilling,Drill,5.0,0.0,70.0,70.0,2,204.0,dummy toolholder name,0.005,125.5,14.136,18.15,92.25,42.25,63.331,44.862,67.603,-13.317,5,3.0,0.0,0.0,0.0,38,25.0,7000,960,33.2794,0.0,0.0,0.0,117,120
F1,Drilling,Drill,5.0,0.0,70.0,70.0,2,204.0,dummy toolholder name,0.005,125.5,14.136,18.15,127.0,8.5,-22.94,-83.107,36.048,-39.399,5,3.0,0.0,0.0,0.0,38,25.0,7000,960,99.5,0.0,0.0,0.0,272,360
F1,Pattern,Ball Nosed,1.5,0.75,3.0,20.0,2,103.0,dummy toolholder name,0.005,136.5,1.7,5.993,135.5,-3.493,-38.31,-78.184,-30.55,-62.349,5,2.0,0.0,-0.1,0.0,500,250.0,7000,10000,848.249,5.0,0.0,-0.1,137,205
F1,Constant Z,End Mill,6.0,0.0,40.0,27.0,2,111.0,mini chuck,0.002,13.5,13.499,14.5,71.0,63.5,-26.567,-78.704,21.25,3.596,5,1.0,0.0,0.0,0.0,800,400.0,7000,5000,1772.96,0.0,0.15,0.0,138,121
PRO,Offset Flat,Tip Radiused,12.4,3.0,30.0,45.0,2,102.0,dummy toolholder name,0.004,55.0,30.0,13.6,27.881,-27.885,15.406,-18.878,20.0,0.0,5,2.0,0.0,0.0,0.0,1400,700.0,7000,5500,747.543,3.0,0.0,0.0,33,64
PRO,Offset Area Clearance,Tip Radiused,12.4,3.0,30.0,45.0,2,102.0,dummy toolholder name,0.1,55.0,30.0,13.6,34.01,-34.01,21.51,-21.51,20.0,-9.0,5,2.0,0.3,0.0,0.0,1400,700.0,7000,5500,10169.5,5.0,0.2,0.3,643,769
PRO,Drilling,Drill,3.0,0.0,3.0,30.0,2,164.0,dummy toolholder name,0.005,55.0,30.0,13.6,0.0,0.0,7.5,0.0,10.5,-2.0,5,2.0,0.0,0.0,0.0,38,3.8,7000,1400,4.0,0.0,0.0,0.0,6,26
PRO,Drilling,Drill,5.0,0.0,70.0,40.0,2,174.0,dummy toolholder name,0.005,55.0,30.0,13.6,0.0,0.0,7.5,0.0,10.5,-18.5,5,2.0,0.0,0.0,-3.5,38,4.0,7000,960,24.1,0.0,0.0,0.0,40,65
PRO,Constant Z,End Mill,4.0,0.0,40.0,17.0,2,101.0,MINI-MINI CHCUK MMC8-90,0.005,55.0,30.0,2.5,27.0,-28.5,14.5,-14.5,10.5,-2.5,5,2.0,0.0,0.0,0.0,700,350.0,7000,6000,2574.41,0.0,0.15,0.0,232,253
PRO,Constant Z,End Mill,4.0,0.0,40.0,17.0,2,101.0,MINI-MINI CHCUK MMC8-90,0.005,55.0,30.0,5.4,2.499,-2.498,9.996,0.0,10.5,-5.399,5,2.0,0.0,0.0,0.0,360,200.0,7000,6000,580.677,0.0,0.15,0.0,100,112
PRO,Constant Z,End Mill,4.0,0.0,40.0,17.0,2,101.0,MINI-MINI CHCUK MMC8-90,0.005,55.0,30.0,10.6,0.748,-0.748,8.248,0.0,10.5,-16.0,5,2.0,0.0,0.0,0.0,300,200.0,7000,6000,338.555,0.0,0.15,0.0,71,82
PRO,Offset Area Clearance,Tip Radiused,12.4,3.0,30.0,45.0,2,102.0,dummy toolholder name,0.1,55.0,30.0,13.3,33.7,-34.01,21.51,-21.51,-2.295,-20.0,5,2.0,0.0,0.3,0.02,1400,700.0,7000,5500,38126.3,6.0,0.15,0.3,1973,2700
PRO,Constant Z,End Mill,4.0,0.0,40.0,17.0,2,101.0,MINI-MINI CHCUK MMC8-90,0.005,55.0,30.0,13.3,12.0,-12.0,14.5,-0.674,-2.399,-20.0,5,2.0,0.0,0.0,0.05,600,300.0,7000,6000,3870.5,0.0,0.2,0.0,389,600
PRO,Offset Flat,End Mill,4.0,0.0,40.0,17.0,2,101.0,MINI-MINI CHCUK MMC8-90,0.005,55.0,30.0,13.3,29.823,-29.2,12.559,-17.325,-2.2,-20.0,5,2.0,0.0,0.0,0.0,700,350.0,7000,6000,626.425,2.0,0.0,0.0,76,120
PRO,Constant Z,End Mill,4.0,0.0,40.0,17.0,2,101.0,MINI-MINI CHCUK MMC8-90,0.005,55.0,30.0,13.8,22.747,-22.747,0.0,-8.75,-1.701,-20.0,5,2.0,0.0,0.0,0.0,300,250.0,7000,6000,270.634,0.0,0.1,0.0,59,120
F1,Pattern,Ball Nosed,3.0,1.5,15.0,25.0,2,109.0,MINI-MINI CHCUK MMC8-90,0.005,63.5,70.0,70.0,85.264,35.735,34.332,-34.332,34.349,-58.784,5,3.0,0.0,0.0,0.0,1000,500.0,7000,10000,407.802,5.0,0.0,0.0,26,91
F1,Offset Area Clearance,Tip Radiused,12.4,3.0,30.0,45.0,2,102.0,dummy toolholder name,0.11,63.5,70.0,70.0,98.515,21.987,41.507,-41.507,50.0,-5.617,5,2.0,0.3,0.0,0.0,1400,700.0,7000,5500,33992.6,6.0,0.3,0.3,2150,3378
F1,Offset Area Clearance,Ball Nosed,3.0,1.5,15.0,25.0,2,109.0,MINI-MINI CHCUK MMC8-90,0.1,63.5,70.0,70.0,85.425,28.109,34.083,-34.14,-5.395,-50.0,5,2.0,0.32,0.0,0.0,1000,500.0,7000,10000,10510.0,1.0,0.15,0.32,1407,2827
F1,Offset Area Clearance,Ball Nosed,3.0,1.5,15.0,25.0,2,109.0,MINI-MINI CHCUK MMC8-90,0.11,63.5,70.0,70.0,92.484,28.388,34.15,-34.106,50.0,5.383,5,2.0,0.3,0.0,0.0,1000,500.0,7000,10000,8486.87,1.0,0.15,0.3,958,1320
F1,Offset Area Clearance,Ball Nosed,3.0,1.5,15.0,25.0,2,109.0,MINI-MINI CHCUK MMC8-90,0.1,63.25,69.5,70.0,93.274,26.983,50.0,25.425,24.904,-24.937,5,2.0,0.35,0.0,0.0,1000,500.0,10000,10000,14529.1,1.0,0.15,0.35,1181,1930
F1,Offset Area Clearance,Ball Nosed,3.0,1.5,15.0,25.0,2,109.0,MINI-MINI CHCUK MMC8-90,0.11,63.25,69.5,70.0,93.255,26.993,-25.463,-50.0,24.883,-24.881,5,1.0,0.35,0.0,0.0,1000,500.0,10000,10000,14460.2,1.0,0.15,0.35,1136,1828
F1,Offset Area Clearance,Ball Nosed,1.5,0.75,3.0,10.0,2,94.0,MINI-MINI CHCUK MMC8-90,0.06,63.5,70.0,70.0,75.915,27.713,8.766,-8.659,-29.454,-42.0,5,2.0,0.1,0.0,0.0,1000,500.0,7000,10000,7569.9,0.5,0.15,0.1,768,1438
F1,Optimised Constant Z,Ball Nosed,1.5,0.75,3.0,10.0,2,94.0,MINI-MINI CHCUK MMC8-90,0.005,63.5,70.0,70.0,75.921,27.997,9.269,-9.159,-29.262,-50.0,5,2.0,0.02,0.0,0.0,1000,500.0,7000,10000,6265.55,0.2,0.0,0.02,465,1085
F1,Rotary,End Mill,6.0,0.0,40.0,15.0,2,99.5,MINI-MINI CHCUK MMC8-90,0.03,63.5,70.0,70.0,96.0,24.0,35.252,-35.253,59.497,-35.252,5,3.0,0.4,0.0,0.0,3000,1500.0,7000,6000,28782.0,1.0,0.0,0.4,609,1316
F1,Rotary,End Mill,6.0,0.0,40.0,15.0,2,99.5,MINI-MINI CHCUK MMC8-90,0.02,63.5,70.0,70.0,96.0,24.0,35.052,-35.053,59.497,-35.052,5,3.0,0.2,0.0,0.0,2000,1000.0,7000,6000,57903.5,0.5,0.0,0.2,1830,2988
F1,Rotary,End Mill,6.0,0.0,40.0,15.0,2,99.5,MINI-MINI CHCUK MMC8-90,0.005,63.5,70.0,70.0,95.0,25.0,0.0,0.0,59.647,30.65,5,3.0,0.0,0.0,0.0,1400,700.0,7000,6000,81.3376,0.25,0.0,0.0,4,14
SPLUS,Offset Area Clearance,End Mill,8.0,0.0,40.0,25.0,2,177.0,SHRINKFITA2,0.01,350.0,90.0,35.5,4.2,-354.2,24.885,-73.088,30.0,16.007,5,2.0,0.0,0.0,0.0,2000,1000.0,7000,6000,4983.0,0.3,0.0,0.0,402,430
SPLUS,Offset Area Clearance,End Mill,8.0,0.0,40.0,25.0,2,177.0,SHRINKFITA2,0.005,350.0,90.0,35.5,3.27,-352.438,33.264,24.5,30.0,-5.519,5,2.0,0.0,0.0,0.0,1800,1000.0,7000,6000,2824.58,4.0,0.0,0.0,243,310
SPLUS,Pattern,Tip Radiused,17.0,3.0,85.0,30.0,2,85.0,dummy toolholder name,0.01,350.0,90.0,35.5,10.0,-360.0,19.673,-67.873,30.0,15.443,5,2.0,0.0,0.0,0.2,2000,1000.0,7000,4000,19965.6,5.0,0.0,0.0,755,830
SPLUS,Offset Area Clearance,Tip Radiused,17.0,3.0,85.0,30.0,2,85.0,dummy toolholder name,0.1,350.0,90.0,35.5,8.925,-358.925,29.825,-78.025,30.0,9.994,5,2.0,0.3,0.0,0.0,2000,1000.0,7000,4000,49216.8,10.0,0.0,0.3,1901,2092
SPLUS,Offset Area Clearance,Tip Radiused,17.0,3.0,85.0,30.0,2,85.0,dummy toolholder name,0.1,350.0,90.0,35.5,8.925,-358.5,29.825,-78.025,30.0,2.536,5,2.0,0.3,0.0,0.0,2000,1000.0,7000,4000,49329.5,10.0,0.0,0.3,1829,1960
SPLUS,Offset Area Clearance,Tip Radiused,17.0,3.0,85.0,30.0,2,85.0,dummy toolholder name,0.1,350.0,90.0,35.5,8.925,-358.5,29.825,-78.025,30.0,-5.519,5,2.0,0.3,0.0,0.0,2000,1000.0,7000,4000,44979.7,10.0,0.0,0.3,1657,1740
SPLUS,Pattern,Tip Radiused,17.0,3.0,85.0,30.0,2,85.0,dummy toolholder name,0.01,339.569,84.5,32.735,7.0,-339.388,28.25,-61.5,30.0,12.85,5,2.0,0.0,0.0,0.0,2000,1000.0,7000,4000,2509.23,5.0,0.0,0.0,105,124
SPLUS,Offset Area Clearance,Ball Nosed,6.0,3.0,50.5,20.8,2,104.8,MINI-MINI CHCUK MMC8-90,0.1,350.0,90.0,35.5,2.495,-341.71,20.151,-45.927,30.0,-4.027,5,2.0,0.3,0.0,0.0,1200,800.0,10000,7000,16034.8,3.0,0.0,0.3,1207,1375
SPLUS,Constant Z,End Mill,8.0,0.0,40.0,25.0,2,177.0,SHRINKFITA2,0.01,350.0,90.0,35.5,-273.58,-341.066,8.3,-19.9,30.0,8.502,5,2.0,0.0,0.0,0.0,1000,500.0,7000,6000,2508.34,0.0,0.3,0.0,186,261
SPLUS,Pattern,End Mill,8.0,0.0,40.0,25.0,2,177.0,SHRINKFITA2,0.01,350.0,90.0,35.5,-315.673,-343.695,-35.1,-56.499,30.0,5.5,5,2.0,0.0,0.0,0.07,1000,500.0,7000,6000,97.7555,5.0,0.0,0.0,9,57
SPLUS,Pattern,End Mill,8.0,0.0,40.0,25.0,2,177.0,SHRINKFITA2,0.004,347.0,84.5,32.735,-279.307,-348.706,8.3,-62.5,30.0,5.4,5,2.0,0.0,-0.05,0.0,1500,750.0,7000,6500,294.822,5.0,0.0,-0.05,18,98
SPLUS,Pattern,End Mill,8.0,0.0,40.0,25.0,2,177.0,SHRINKFITA2,0.004,347.0,84.5,32.735,0.28,-347.856,33.515,-62.5,30.0,8.5,5,2.0,0.0,-0.05,0.0,1500,1000.0,10000,6500,890.728,5.0,0.0,-0.05,52,184
SPLUS,Drilling,Drill,4.2,0.0,21.0,20.0,2,154.0,dummy toolholder name,0.004,350.0,90.0,35.5,-5.0,-311.861,15.3,-47.4,30.0,0.0,5,2.0,0.0,0.0,0.0,80,8.0,7000,4000,121.41,0.0,0.0,0.0,107,144
SPLUS,Interleaved Constant Z,Ball Nosed,6.0,3.0,50.5,15.0,2,99.0,MINI-MINI CHCUK MMC8-90,0.005,350.0,90.0,35.5,-265.0,-343.2,14.264,-58.367,30.0,1.496,5,2.0,0.0,0.0,0.0,2000,1500.0,10000,9000,8265.26,0.25,0.0,0.0,337,512
SPLUS,Constant Z,End Mill,4.0,0.0,40.0,10.0,2,94.0,MINI-MINI CHCUK MMC8-90,0.005,350.0,90.0,35.5,0.403,-305.973,-0.7,-44.3,30.0,8.613,5,2.0,0.0,0.0,0.0,764,382.0,10000,4775,953.708,0.0,0.15,0.0,93,107
SPLUS,Offset Flat,End Mill,4.0,0.0,40.0,10.0,2,94.0,MINI-MINI CHCUK MMC8-90,0.005,350.0,90.0,35.5,-0.594,-306.032,-0.701,-44.3,30.0,8.5,5,2.0,0.0,0.0,0.0,764,382.0,10000,4775,85.8944,2.0,0.0,0.0,11,1620
SPLUS,Pattern,End Mill,4.0,0.0,40.0,10.0,2,94.0,MINI-MINI CHCUK MMC8-90,0.005,350.0,90.0,35.5,3.0,-175.0,16.066,-24.1,30.1,12.897,5,2.0,0.0,-0.1,0.0,360,36.0,7000,4500,1805.66,5.0,0.0,-0.1,390,526
SPLUS,Stitch Corner,End Mill,4.0,0.0,40.0,10.0,2,94.0,MINI-MINI CHCUK MMC8-90,0.005,350.0,90.0,35.5,-336.832,-340.186,-20.053,-29.98,30.0,11.109,5,2.0,0.0,0.0,0.0,478,239.0,7000,4775,256.436,0.0,0.0,0.0,42,61
SPLUS,Multipencil Corner,Ball Nosed,3.0,1.5,15.0,20.0,2,104.0,MINI-MINI CHCUK MMC8-90,0.004,350.0,90.0,35.5,-272.834,-336.442,4.697,-0.3,30.0,8.662,5,2.0,0.0,0.0,0.0,1000,500.0,7000,10000,717.318,0.0,0.0,0.0,53,167
SPLUS,Drilling,Drill,4.2,0.0,21.0,20.0,2,154.0,dummy toolholder name,0.004,350.0,90.0,35.5,-5.0,-311.861,15.3,-47.4,30.0,3.235,5,2.0,0.0,0.0,0.0,160,500.0,7000,200,168.0,0.0,0.0,0.0,68,393
PRO,Constant Z,End Mill,6.0,0.0,40.0,15.0,2,99.5,MINI-MINI CHCUK MMC8-90,0.005,94.0,94.0,2.0,37.999,-37.998,37.999,-41.108,26.0,-2.0,5,2.0,0.0,0.0,0.0,1000,500.0,7000,5000,238.756,0.0,1.0,0.0,15,35
PRO,Drilling,Drill,3.0,0.0,4.5,30.0,2,164.0,dummy toolholder name,0.025,94.0,94.0,2.0,25.0,-25.0,10.265,0.0,26.0,-3.0,5,2.0,0.0,0.0,0.0,28,3.0,7000,1400,15.0,0.0,0.0,0.0,33,59
PRO,Drilling,Drill,8.5,0.0,42.5,50.0,2,184.0,dummy toolholder name,0.025,94.0,94.0,2.0,25.0,-25.0,10.265,0.0,26.0,-20.0,5,2.0,0.0,0.0,0.0,39,4.0,7000,490,76.8,0.0,0.0,0.0,125,170
PRO,Offset Area Clearance,Tip Radiused,12.4,3.0,30.0,45.0,2,102.0,dummy toolholder name,0.025,94.0,94.0,14.0,27.59,-27.594,21.875,-2.605,26.0,-14.0,5,2.0,0.0,0.2,0.0,1400,700.0,7000,5500,6305.3,5.0,0.3,0.2,369,490
PRO,Constant Z,End Mill,6.0,0.0,40.0,18.8,2,103.3,MINI-MINI CHCUK MMC8-90,0.005,60.0,60.0,3.2,12.498,-12.497,22.763,-2.232,26.0,-16.2,5,2.0,0.0,0.5,0.0,1000,500.0,7000,5000,706.731,0.0,0.5,0.5,43,65
PRO,Constant Z,End Mill,6.0,0.0,40.0,18.8,2,103.3,MINI-MINI CHCUK MMC8-90,0.05,60.0,60.0,17.0,12.827,-12.828,23.094,-2.563,26.0,-16.995,5,2.0,0.0,0.15,0.0,1000,500.0,7000,5000,1531.39,0.0,1.0,0.15,93,115
PRO,Constant Z,End Mill,6.0,0.0,40.0,18.8,2,103.3,MINI-MINI CHCUK MMC8-90,0.005,60.0,60.0,17.0,13.01,-13.01,23.276,-2.743,26.0,-17.0,5,2.0,0.0,-0.011,0.0,1000,500.0,7000,5000,1553.09,0.0,1.0,-0.011,94,116
PRO,Constant Z,End Mill,6.0,0.0,40.0,18.8,2,103.3,MINI-MINI CHCUK MMC8-90,0.005,94.0,94.0,14.0,28.999,-28.999,3.998,-3.998,26.0,-9.5,5,2.0,0.0,0.0,0.0,1000,500.0,7000,5000,1858.83,0.0,0.25,0.0,115,188
PRO,Constant Z,End Mill,6.0,0.0,40.0,18.8,2,103.3,MINI-MINI CHCUK MMC8-90,0.005,10.488,11.852,17.0,-10.151,-15.295,20.368,15.081,26.0,-16.999,5,2.0,0.0,-0.04,0.0,1000,500.0,7000,5000,734.902,0.0,0.25,-0.04,64,97
SPLUS,Constant Z,End Mill,6.0,0.0,40.0,15.0,2,99.5,MINI-MINI CHCUK MMC8-90,0.051,149.0,130.0,0.5,62.0,-62.0,-0.005,-60.0,15.5,-131.5,5,3.0,0.0,0.5,0.0,1000,500.0,7000,5000,1650.0,0.0,1.0,0.5,102,102
SPLUS,Drilling,Drill,3.0,0.0,4.5,30.0,2,164.0,dummy toolholder name,0.005,140.011,117.0,55.0,44.0,-26.0,2.5,-20.0,-10.0,-117.0,5,2.5,0.0,0.0,0.0,28,3.0,3000,1400,30.0,0.0,0.0,0.0,74,130
SPLUS,Drilling,Drill,5.5,0.0,27.5,40.0,2,174.0,dummy toolholder name,0.005,140.011,117.0,55.0,0.0,-11.0,10.0,-20.0,-10.0,-117.0,5,3.1,0.0,0.0,0.0,60,6.0,3000,750,29.8,0.0,0.0,0.0,39,55
SPLUS,Drilling,Drill,6.8,0.0,42.4,43.4,2,177.4,dummy toolholder name,0.005,140.011,117.0,55.0,44.0,-26.0,42.0,-20.0,-10.0,-117.0,5,3.1,0.0,0.0,0.0,48,5.0,3000,600,213.2,0.0,0.0,0.0,435,451
SPLUS,Offset Area Clearance,Tip Radiused,17.0,3.0,85.0,60.0,2,108.0,dummy toolholder name,0.1,149.0,123.0,59.5,70.425,-70.425,5.462,-20.0,25.169,-141.42,5,3.0,0.0,0.25,0.15,2400,1200.0,10000,4400,48332.7,9.0,0.25,0.25,1421,1903
SPLUS,Offset Area Clearance,Tip Radiused,17.0,3.0,85.0,60.0,2,108.0,dummy toolholder name,0.1,149.0,123.0,59.5,70.425,-70.425,11.637,-20.0,17.761,-141.42,5,3.0,0.0,0.25,0.15,2400,2000.0,10000,4400,48416.4,9.0,0.25,0.25,1412,1889
SPLUS,Offset Area Clearance,Tip Radiused,17.0,3.0,85.0,60.0,2,108.0,dummy toolholder name,0.1,149.0,123.0,59.5,70.0,-70.425,21.564,-20.0,17.812,-141.42,5,3.0,0.0,0.25,0.15,2400,2000.0,10000,4400,48358.2,9.0,0.25,0.25,1384,1826
SPLUS,Offset Area Clearance,Tip Radiused,17.0,3.0,85.0,60.0,2,108.0,dummy toolholder name,0.1,149.0,123.0,59.5,70.425,-70.425,31.775,-20.0,25.43,-141.42,5,3.0,0.0,0.25,0.15,2400,2000.0,10000,4400,48467.8,9.0,0.25,0.25,1360,1799
SPLUS,Offset Area Clearance,Tip Radiused,17.0,3.0,85.0,60.0,2,108.0,dummy toolholder name,0.1,149.0,123.0,59.5,67.25,-70.425,46.775,-20.0,25.43,-136.75,5,3.0,0.0,0.25,0.15,2400,2000.0,10000,4400,37369.4,9.0,0.25,0.25,1092,1464
SPLUS,Offset Flat,Tip Radiused,17.0,3.0,85.0,60.0,2,108.0,dummy toolholder name,0.1,149.0,123.0,59.5,58.5,-58.5,26.85,-20.0,0.011,-127.989,5,3.0,0.0,0.5,0.0,2000,1000.0,10000,5000,1810.4,5.0,0.0,0.5,63,130
SPLUS,Offset Flat,Tip Radiused,17.0,3.0,85.0,60.0,2,108.0,dummy toolholder name,0.1,149.0,123.0,59.5,58.5,-58.5,0.0,-20.0,0.011,-127.989,5,3.0,0.0,0.5,0.0,2000,1000.0,10000,6000,1425.88,5.0,0.0,0.5,50,105
SPLUS,Optimised Constant Z,Tip Radiused,17.0,3.0,85.0,60.0,2,108.0,dummy toolholder name,0.005,149.0,123.0,59.5,27.985,0.0,26.985,-20.0,-13.504,-109.474,5,3.0,0.015,0.0,0.0,2000,1000.0,10000,4400,8467.28,0.5,0.0,0.015,329,512
SPLUS,Offset Area Clearance,Ball Nosed,6.0,3.0,50.5,28.8,2,112.8,MINI-MINI CHCUK MMC8-90,0.1,149.0,123.0,59.5,58.994,-58.53,26.725,-20.0,-8.257,-107.396,5,3.0,0.0,0.3,0.2,2000,1500.0,10000,7800,13572.7,1.0,0.25,0.3,716,1234
SPLUS,Offset Area Clearance,Ball Nosed,2.0,1.0,12.0,22.4,2,106.4,MINI-MINI CHCUK MMC8-90,0.005,149.0,123.0,59.5,0.508,-32.499,22.851,-20.0,-23.025,-107.975,5,3.0,0.025,0.0,0.0,1200,600.0,7000,10000,25542.7,0.5,0.15,0.025,2004,2548
SPLUS,Pattern,Ball Nosed,2.0,1.0,12.0,22.4,2,106.4,MINI-MINI CHCUK MMC8-90,0.005,149.0,123.0,59.5,0.0,-28.5,20.25,-21.0,-23.171,-107.816,5,3.0,0.0,-0.2,0.0,600,300.0,7000,10000,402.02,5.0,0.0,-0.2,49,62
SPLUS,Pattern,Ball Nosed,2.0,1.0,12.0,22.4,2,106.4,MINI-MINI CHCUK MMC8-90,0.005,149.0,123.0,59.5,0.0,-28.5,21.25,-20.0,-23.171,-107.816,5,3.0,0.0,-0.2,0.0,600,300.0,7000,10000,402.02,5.0,0.0,-0.2,49,62
SPLUS,Raster,Ball Nosed,6.0,3.0,50.5,28.8,2,112.8,MINI-MINI CHCUK MMC8-90,0.005,91.0,28.0,100.001,-5.6,-28.4,20.902,-20.1,-25.005,-106.082,5,3.0,0.0,0.0,0.0,2400,2000.0,10000,9000,16986.6,0.15,0.0,0.0,557,719
SPLUS,Raster,Ball Nosed,6.0,3.0,50.5,28.8,2,112.8,MINI-MINI CHCUK MMC8-90,0.005,86.976,44.5,25.0,47.929,35.329,20.9,-20.1,-24.464,-105.992,5,3.0,0.0,0.0,0.0,2400,2000.0,10000,9000,10638.5,0.15,0.0,0.0,330,424
SPLUS,Raster,Ball Nosed,6.0,3.0,50.5,28.8,2,112.8,MINI-MINI CHCUK MMC8-90,0.005,87.0,49.0,26.0,7.325,-16.5,21.0,-20.0,-24.227,-106.782,5,3.0,0.0,0.0,0.0,2000,1500.0,10000,9000,5178.13,0.3,0.0,0.0,191,253
SPLUS,Raster,Ball Nosed,6.0,3.0,50.5,28.8,2,112.8,MINI-MINI CHCUK MMC8-90,0.005,87.0,49.0,26.0,-16.5,-40.243,20.001,-20.0,-25.896,-105.084,5,3.0,0.0,0.0,0.0,2000,1500.0,10000,9000,4442.99,0.3,0.0,0.0,163,209
SPLUS,Optimised Constant Z,Ball Nosed,6.0,3.0,50.5,28.8,2,112.8,MINI-MINI CHCUK MMC8-90,0.005,87.88,27.758,58.0,59.511,46.338,20.999,-20.0,-22.071,-106.0,5,3.0,0.0,0.0,0.0,2000,1500.0,10000,9000,9881.82,0.15,0.0,0.0,483,753
SPLUS,Raster,Ball Nosed,6.0,3.0,50.5,28.8,2,112.8,MINI-MINI CHCUK MMC8-90,0.005,39.992,8.0,25.001,-52.1,-59.9,20.002,-20.0,-27.997,-104.99,5,3.0,0.0,0.0,0.0,2000,1500.0,10000,9000,2376.32,0.2,0.0,0.0,90,118
SPLUS,Raster,Ball Nosed,6.0,3.0,50.5,28.8,2,112.8,MINI-MINI CHCUK MMC8-90,0.005,73.0,98.0,1.0,-5.5,-20.431,0.0,-20.0,1.0,-36.5,5,3.0,0.0,0.0,0.0,1200,600.0,7000,7000,11.4895,0.5,0.0,0.0,2,12
SPLUS,Raster,Ball Nosed,6.0,3.0,50.5,28.8,2,112.8,MINI-MINI CHCUK MMC8-90,0.005,91.0,28.0,100.001,-5.6,-28.4,21.012,-20.0,-24.904,-106.0,5,3.0,-0.01,0.0,0.0,2400,2000.0,10000,9000,17050.8,0.15,0.0,-0.01,560,723
SPLUS,Raster,Ball Nosed,6.0,3.0,50.5,28.8,2,112.8,MINI-MINI CHCUK MMC8-90,0.005,87.88,27.758,55.001,47.863,35.413,21.213,-20.0,-24.809,-106.198,5,3.0,-0.01,0.0,0.0,2400,2000.0,10000,9000,10517.4,0.15,0.0,-0.01,325,400
SPLUS,Raster,Ball Nosed,6.0,3.0,50.5,28.8,2,112.8,MINI-MINI CHCUK MMC8-90,0.005,87.88,27.758,55.0,51.463,44.863,21.009,-20.0,-25.014,-106.011,5,3.0,-0.01,0.0,0.0,2000,1500.0,10000,9000,3885.0,0.15,0.0,-0.01,142,180
SPLUS,Offset Area Clearance,End Mill,4.0,0.0,40.0,18.4,2,102.4,MINI-MINI CHCUK MMC8-90,0.1,130.0,100.0,5.0,59.49,-30.23,1.325,-20.0,1.001,-128.596,5,3.0,0.1,0.0,0.0,600,300.0,7000,6000,1321.82,1.5,0.2,0.1,244,290
SPLUS,Offset Area Clearance,End Mill,4.0,0.0,40.0,18.4,2,102.4,MINI-MINI CHCUK MMC8-90,0.11,134.012,19.749,5.001,-27.141,-46.789,1.502,-20.0,2.738,-131.247,5,3.0,0.11,0.0,0.0,700,500.0,7000,6000,2322.05,1.5,0.2,0.11,228,280
SPLUS,Constant Z,End Mill,4.0,0.0,40.0,18.4,2,102.4,MINI-MINI CHCUK MMC8-90,0.005,113.0,6.0,9.001,-9.998,-12.003,9.0,-20.0,-8.997,-118.003,5,3.0,0.0,-0.005,0.0,500,250.0,7000,6000,1158.87,0.0,0.1,-0.005,146,220
SPLUS,Optimised Constant Z,End Mill,4.0,0.0,40.0,18.4,2,102.4,MINI-MINI CHCUK MMC8-90,0.005,130.0,100.0,5.0,61.617,-42.617,1.5,-20.0,3.113,-131.091,5,3.0,0.0,0.02,0.0,600,300.0,7000,6000,580.328,0.25,0.0,0.02,135,173
SPLUS,Constant Z,End Mill,8.0,0.0,40.0,47.2,2,95.2,dummy toolholder name,0.005,152.0,11.5,46.0,-62.52,-66.52,45.999,-20.0,18.822,-135.163,5,3.0,0.0,0.02,0.0,1400,1000.0,10000,6000,2392.81,0.0,1.0,0.02,156,200
SPLUS,Pattern,Ball Nosed,6.0,3.0,50.5,28.8,2,112.8,MINI-MINI CHCUK MMC8-90,0.005,145.005,127.0,55.0,60.0,-40.418,0.75,-20.0,1.511,-129.489,5,3.0,0.0,-0.2,0.0,800,400.0,7000,7000,372.733,5.0,0.0,-0.2,42,180
PRO,Constant Z,End Mill,8.0,0.0,60.0,40.0,2,124.5,michuck2,0.01,391.0,300.0,0.1,189.7,-189.7,146.5,-146.5,70.0,21.001,5,2.0,0.0,0.2,0.0,2000,1000.0,7000,7000,3850.21,0.0,0.1,0.2,133,60
PRO,Drilling,Drill,3.0,0.0,4.5,30.0,2,164.0,dummy toolholder name,0.01,391.0,286.6,20.0,179.5,-179.5,117.3,-117.3,70.0,17.0,5,2.0,0.0,0.0,0.0,100,10.0,7000,2000,60.0,0.0,0.0,0.0,57,31
PRO,Drilling,Drill,4.2,0.0,21.0,40.0,2,174.0,dummy toolholder name,0.01,391.0,286.6,20.0,179.5,-179.5,117.3,-117.3,70.0,0.0,5,2.01,0.0,0.0,0.0,200,20.0,7000,2000,276.52,0.0,0.0,0.0,118,54
PRO,Constant Z,Ball Nosed,6.0,3.0,50.5,25.0,2,109.0,MINI-MINI CHCUK MMC8-90,0.005,391.0,286.6,19.9,60.931,-60.931,121.731,-121.731,70.0,15.821,5,2.0,-0.3,0.0,0.0,1400,700.0,7000,9000,1353.12,0.0,0.2,-0.3,67,31
PRO,Along Corner,Ball Nosed,6.0,3.0,50.5,25.0,2,109.0,MINI-MINI CHCUK MMC8-90,0.005,398.0,293.6,20.0,1.073,-1.073,107.358,-107.497,70.0,12.704,5,2.0,0.0,0.0,0.0,3000,1500.0,7000,10000,260.137,0.0,0.0,0.0,11,16
PRO,Raster,Ball Nosed,6.0,3.0,50.5,25.0,2,109.0,MINI-MINI CHCUK MMC8-90,0.003,391.0,286.6,20.5,188.3,-188.3,143.657,-143.749,70.0,16.336,5,2.0,0.0,0.0,0.0,3000,1500.0,7000,9000,8394.76,0.2,0.0,0.0,193,63
PRO,Offset Area Clearance,Tip Radiused,12.4,3.0,30.0,45.0,2,102.0,dummy toolholder name,0.1,48.0,48.0,19.0,9.262,-9.262,9.902,-9.902,12.883,-11.351,5,2.0,0.2,0.0,0.0,1400,700.0,7000,5500,4498.12,6.0,0.25,0.2,275,357
PRO,Offset Area Clearance,Ball Nosed,4.0,2.0,10.2,23.4,2,107.4,MINI-MINI CHCUK MMC8-90,0.1,48.0,48.0,22.0,13.243,-13.243,13.654,-13.651,12.883,-22.0,5,2.0,0.2,0.0,0.0,1000,500.0,7000,9000,6026.85,2.0,0.15,0.2,627,718
PRO,Optimised Constant Z,Ball Nosed,4.0,2.0,10.2,23.4,2,107.4,MINI-MINI CHCUK MMC8-90,0.005,48.0,48.0,22.0,13.494,-13.494,14.037,-14.037,12.883,-16.6,5,2.0,0.0,0.0,0.0,1000,500.0,7000,9000,6008.42,0.2,0.0,0.0,380,412
PRO,Offset Area Clearance,Ball Nosed,1.5,0.75,7.68,21.28,2,105.28,MINI-MINI CHCUK MMC8-90,0.1,48.0,48.0,20.3,10.05,-10.05,2.55,-2.548,12.883,-20.3,5,2.0,0.2,0.0,0.0,600,300.0,7000,10000,536.269,0.5,0.08,0.2,165,220
PRO,Constant Z,Ball Nosed,1.5,0.75,7.68,21.28,2,105.28,MINI-MINI CHCUK MMC8-90,0.005,48.0,48.0,20.3,10.25,-10.25,2.75,-2.75,12.883,-20.3,5,2.0,0.0,0.0,0.0,600,300.0,7000,10000,4564.67,0.0,0.08,0.0,491,526
PRO,Constant Z,End Mill,2.0,0.0,10.44,10.72,2,95.22,MINI-MINI CHCUK MMC8-90,0.005,48.0,48.0,10.0,25.441,-25.441,25.441,-25.441,12.883,-10.0,5,2.0,0.0,-0.01,0.0,350,150.0,7000,6000,2735.86,0.0,0.08,-0.01,786,854
MATRIX,Offset Area Clearance,Tip Radiused,12.4,3.0,30.0,45.0,2,102.0,dummy toolholder name,0.1,75.0,47.0,16.0,9.858,-9.858,11.849,-11.849,26.0,-11.062,5,2.0,0.3,0.0,0.0,1400,700.0,7000,5500,6124.63,6.0,0.2,0.3,358,434
MATRIX,Offset Area Clearance,Ball Nosed,4.0,2.0,11.12,20.04,2,104.04,MINI-MINI CHCUK MMC8-90,0.1,75.0,47.0,19.0,13.557,-13.557,15.747,-15.752,26.0,-19.0,5,2.0,0.3,0.0,0.0,1000,500.0,7000,9000,8175.69,1.5,0.15,0.3,898,1120
MATRIX,Drilling,Drill,3.0,0.0,3.0,30.0,2,164.0,dummy toolholder name,0.006,75.0,47.0,19.0,26.0,-26.0,13.0,-13.0,26.0,-3.0,5,2.0,0.0,0.0,0.0,28,3.0,7000,1400,20.0,0.0,0.0,0.0,45,70
MATRIX,Drilling,Drill,8.5,0.0,42.5,50.0,2,184.0,dummy toolholder name,0.006,75.0,47.0,19.0,26.0,-26.0,13.0,-13.0,26.0,-21.0,5,2.0,0.0,0.0,-5.0,39,4.0,7000,490,108.0,0.0,0.0,0.0,177,199
MATRIX,Drilling,Drill,10.5,0.0,52.5,50.0,2,184.0,dummy toolholder name,0.006,75.0,47.0,19.0,26.0,-26.0,13.0,-13.0,26.0,-21.0,5,2.0,0.0,0.0,-5.0,31,3.0,7000,390,106.4,0.0,0.0,0.0,213,220
MATRIX,Optimised Constant Z,Ball Nosed,4.0,2.0,11.12,20.04,2,104.04,MINI-MINI CHCUK MMC8-90,0.005,75.0,47.0,19.0,14.083,-14.083,16.132,-16.132,26.0,-13.614,5,2.0,0.0,0.0,0.0,1000,500.0,7000,9000,7960.7,0.15,0.0,0.0,536,614
MATRIX,Constant Z,End Mill,3.0,0.0,30.0,17.8,2,101.8,MINI-MINI CHCUK MMC8-90,0.005,75.0,47.0,9.0,5.75,-5.75,12.5,-12.5,26.0,-17.0,5,2.0,0.0,0.0,0.0,400,200.0,7000,7000,5972.15,0.0,0.15,0.0,943,961
MATRIX,Constant Z,Ball Nosed,1.5,0.75,10.32,18.76,2,102.76,MINI-MINI CHCUK MMC8-90,0.006,75.0,47.0,10.0,6.5,-6.5,13.25,-13.25,26.0,-17.999,5,2.0,0.0,0.0,0.0,600,300.0,7000,10000,4827.7,0.0,0.05,0.0,1099,619
PRO,Constant Z,End Mill,6.0,0.0,40.0,15.0,2,99.5,MINI-MINI CHCUK MMC8-90,0.005,297.8,130.0,0.2,17.9,-260.7,66.9,-46.666,0.2,-40.2,5,2.0,0.0,0.1,0.0,1400,700.0,7000,5500,3177.2,0.0,0.1,0.1,140,164
PRO,Offset Area Clearance,Tip Radiused,12.4,3.0,30.0,45.0,2,102.0,dummy toolholder name,0.1,297.8,130.0,9.8,16.347,-259.106,65.336,-8.528,2.982,-40.2,5,2.0,0.0,0.2,0.1,1400,700.0,7000,5500,33439.3,6.0,0.25,0.2,1567,1837
PRO,Offset Area Clearance,Ball Nosed,6.0,3.0,50.5,15.0,2,99.0,MINI-MINI CHCUK MMC8-90,0.1,297.8,130.0,9.3,18.003,-260.899,66.8,-48.294,9.3,-15.2,5,2.0,0.0,0.2,0.1,1200,600.0,7000,7000,74991.9,2.5,0.25,0.2,4554,5454
PRO,Drilling,Drill,3.0,0.0,3.0,30.0,2,164.0,dummy toolholder name,0.005,297.8,130.0,9.8,0.0,-242.8,12.0,0.0,2.0,-40.2,5,2.0,0.0,0.0,0.0,38,3.8,7000,1400,32.0,0.0,0.0,0.0,57,76
PRO,Drilling,Drill,5.5,0.0,27.5,40.0,2,174.0,dummy toolholder name,0.005,297.8,130.0,9.8,0.0,-242.8,12.0,0.0,9.65,-40.2,5,2.0,0.0,0.0,0.0,60,6.0,7000,750,107.6,0.0,0.0,0.0,121,179
PRO,Constant Z,End Mill,6.0,0.0,40.0,15.0,2,99.5,MINI-MINI CHCUK MMC8-90,0.005,297.8,130.0,9.3,18.0,-260.8,67.0,-46.767,9.3,-40.2,5,2.0,0.0,0.0,0.0,1200,600.0,7000,6000,57185.9,0.0,0.25,0.0,2901,2960
PRO,Offset Flat,End Mill,6.0,0.0,40.0,15.0,2,99.5,MINI-MINI CHCUK MMC8-90,0.005,297.8,130.0,9.2,16.999,-256.905,65.06,-2.3,6.87,-40.2,5,2.0,0.0,0.0,0.0,1000,500.0,7000,6000,2982.14,3.0,0.0,0.0,280,415
PRO,Pencil Corner,End Mill,6.0,0.0,40.0,15.0,2,99.5,MINI-MINI CHCUK MMC8-90,0.004,297.8,130.0,9.2,11.842,-254.642,65.27,-16.734,6.878,-40.2,5,2.0,0.0,0.0,0.0,1000,500.0,7000,6000,536.775,0.0,0.0,0.0,46,71
PRO,3D Offset,Ball Nosed,6.0,3.0,50.5,15.0,2,99.0,MINI-MINI CHCUK MMC8-90,0.005,297.8,130.0,9.3,12.158,-254.959,64.402,12.0,7.11,-40.2,5,2.0,0.0,0.0,0.0,1200,600.0,7000,7000,4817.56,0.25,0.0,0.0,273,349
PRO,Interleaved Constant Z,Ball Nosed,6.0,3.0,50.5,15.0,2,99.0,MINI-MINI CHCUK MMC8-90,0.005,297.8,130.0,9.3,15.026,-257.996,64.934,-43.483,8.145,-40.2,5,2.0,0.0,0.0,0.0,1200,600.0,7000,7000,4977.8,0.1,0.0,0.0,293,362
PRO,Constant Z,End Mill,4.0,0.0,40.0,11.0,2,95.0,MINI-MINI CHCUK MMC8-90,0.005,297.8,130.0,9.365,1.504,-244.304,12.0,-1.504,9.65,-40.2,5,2.0,0.0,0.01,0.0,400,200.0,7000,6000,4909.77,0.0,0.15,0.01,767,785
PRO,Constant Z,End Mill,4.0,0.0,40.0,11.0,2,95.0,MINI-MINI CHCUK MMC8-90,0.005,297.8,130.0,0.3,1.598,-244.398,12.0,-1.599,50.0,9.5,5,2.0,0.0,0.2,0.0,400,200.0,7000,6000,241.011,0.0,0.15,0.2,66,95
PRO,Offset Area Clearance,Tip Radiused,12.4,3.0,30.0,45.0,2,102.0,dummy toolholder name,0.1,297.8,130.0,9.65,14.121,-256.936,57.306,-44.477,50.0,6.926,5,2.0,0.0,0.2,0.15,1400,700.0,7000,5500,30781.1,6.0,0.2,0.2,1604,1545
PRO,Offset Area Clearance,Ball Nosed,6.0,3.0,50.5,15.0,2,99.0,MINI-MINI CHCUK MMC8-90,0.1,297.8,130.0,4.5,16.79,-259.597,68.567,12.0,50.0,5.3,5,2.0,0.0,0.2,0.15,1200,600.0,7000,7000,16190.6,3.0,0.3,0.2,937,1006
PRO,Offset Area Clearance,Ball Nosed,6.0,3.0,50.5,15.0,2,99.0,MINI-MINI CHCUK MMC8-90,0.1,297.8,130.0,4.8,19.596,-262.415,59.165,-48.352,50.0,5.73,5,2.0,0.0,0.2,0.15,1400,700.0,7000,7000,42060.0,3.0,0.2,0.2,2198,2550
PRO,3D Offset,Ball Nosed,6.0,3.0,50.5,15.0,2,99.0,MINI-MINI CHCUK MMC8-90,0.005,297.8,130.0,4.8,11.583,-254.383,64.373,12.0,50.0,6.797,5,2.0,0.0,0.0,0.0,1400,700.0,7000,7000,4102.29,0.25,0.0,0.0,212,265
PRO,3D Offset,Ball Nosed,6.0,3.0,50.5,15.0,2,99.0,MINI-MINI CHCUK MMC8-90,0.005,297.8,130.0,4.8,15.026,-257.826,64.409,-43.418,50.0,5.552,5,2.0,0.0,0.0,0.0,1200,600.0,7000,7000,5723.4,0.1,0.0,0.0,314,373
PRO,Constant Z,End Mill,6.0,0.0,40.0,15.0,2,99.5,MINI-MINI CHCUK MMC8-90,0.005,297.8,130.0,2.75,15.326,-258.071,30.0,1.5,50.0,7.05,5,2.0,0.0,0.0,0.05,1200,600.0,7000,6000,5304.58,0.0,0.3,0.0,308,405
PRO,Offset Flat,End Mill,6.0,0.0,40.0,15.0,2,99.5,MINI-MINI CHCUK MMC8-90,0.005,297.8,130.0,4.8,15.09,-257.681,30.0,-43.11,50.0,7.0,5,2.0,0.0,0.0,0.1,1000,500.0,7000,6000,2668.68,3.0,0.0,0.0,237,360
PRO,Constant Z,End Mill,6.0,0.0,40.0,15.0,2,99.5,MINI-MINI CHCUK MMC8-90,0.005,297.8,130.0,9.65,18.0,-260.8,61.937,-46.767,50.0,5.94,5,2.0,0.0,0.0,0.0,1500,750.0,7000,6000,30720.4,0.0,0.4,0.0,1234,1698
PRO,Constant Z,End Mill,6.0,0.0,40.0,15.0,2,99.5,MINI-MINI CHCUK MMC8-90,0.005,297.8,130.0,5.72,18.0,-260.8,61.937,-46.767,50.0,0.15,5,2.0,0.0,0.0,0.0,1400,700.0,7000,6000,63158.8,0.0,0.25,0.0,2734,2883
MATRIX,Offset Flat,Tip Radiused,12.4,3.0,30.0,45.0,2,102.0,dummy toolholder name,0.005,126.0,82.0,18.0,62.522,-62.546,40.503,-44.874,10.0,0.0,5,2.0,0.0,0.0,0.0,1400,700.0,7000,6000,3001.7,4.0,0.0,0.0,130,144
MATRIX,Offset Area Clearance,Tip Radiused,12.4,3.0,30.0,45.0,2,102.0,dummy toolholder name,0.1,126.0,82.0,18.0,54.78,-54.776,33.28,-33.214,10.0,-10.825,5,2.0,0.0,0.3,0.1,1400,700.0,7000,5500,15273.1,6.0,0.25,0.3,793,920
MATRIX,Drilling,Drill,3.0,0.0,3.0,30.0,2,164.0,dummy toolholder name,0.1,126.0,82.0,18.0,10.5,-10.5,17.0,-17.0,10.0,-2.0,5,2.0,0.0,0.0,0.0,38,3.8,7000,1400,12.0,0.0,0.0,0.0,19,30
MATRIX,Drilling,Drill,6.0,0.0,80.0,40.0,2,174.0,dummy toolholder name,0.1,126.0,82.0,18.0,10.5,-10.5,17.0,-17.0,10.0,-23.0,5,2.0,0.0,0.0,-5.0,40,4.0,7000,800,88.2,0.0,0.0,0.0,141,150
MATRIX,Offset Area Clearance,Ball Nosed,6.0,3.0,50.5,15.0,2,99.0,MINI-MINI CHCUK MMC8-90,0.1,126.0,82.0,18.0,58.385,-58.411,34.701,-34.701,10.0,-10.625,5,2.0,0.3,0.0,0.0,1400,600.0,7000,7000,25801.4,3.0,0.3,0.3,1262,1633
MATRIX,3D Offset,Ball Nosed,6.0,3.0,50.5,15.0,2,99.0,MINI-MINI CHCUK MMC8-90,0.005,126.0,82.0,18.0,53.936,-53.936,29.208,-29.207,10.0,-7.186,5,2.0,0.0,0.0,0.0,1200,600.0,7000,7000,1228.9,0.25,0.0,0.0,65,90
MATRIX,3D Offset,Ball Nosed,6.0,3.0,50.5,15.0,2,99.0,MINI-MINI CHCUK MMC8-90,0.005,126.0,82.0,18.0,53.934,-53.934,32.026,-32.026,10.0,-7.796,5,2.0,0.0,0.0,0.0,1200,600.0,7000,7000,1245.46,0.1,0.0,0.0,70,105
MATRIX,Constant Z,End Mill,6.0,0.0,40.0,20.0,2,104.5,MINI-MINI CHCUK MMC8-90,0.003,126.0,82.0,18.7,11.009,-11.009,17.509,-17.509,10.0,-19.0,5,2.0,0.0,-0.01,0.0,250,150.0,7000,3500,417.3,0.0,0.3,-0.01,110,130
MATRIX,Constant Z,End Mill,6.0,0.0,40.0,20.0,2,104.5,MINI-MINI CHCUK MMC8-90,0.004,126.0,82.0,10.5,54.5,-54.5,33.0,-33.0,10.0,-10.5,5,2.0,0.0,0.0,0.0,1000,500.0,7000,6000,15990.8,0.0,0.3,0.0,961,1010
MATRIX,Offset Flat,End Mill,6.0,0.0,40.0,20.0,2,104.5,MINI-MINI CHCUK MMC8-90,0.005,126.0,82.0,10.2,54.484,-54.484,32.999,-32.999,10.0,-6.7,5,2.0,0.0,0.0,0.0,700,350.0,7000,6000,1083.57,3.0,0.0,0.0,186,221
MATRIX,Constant Z,End Mill,6.0,0.0,40.0,26.0,2,110.5,MINI-MINI CHCUK MMC8-90,0.01,126.0,82.0,8.8,55.2,-55.2,33.7,-33.7,-10.201,-60.0,5,2.0,0.0,0.7,0.0,1000,500.0,7000,5000,17096.9,0.0,0.25,0.7,1028,1235
MATRIX,Offset Area Clearance,Tip Radiused,12.4,3.0,30.0,45.0,2,102.0,dummy toolholder name,0.1,126.0,82.0,8.8,53.821,-53.82,32.115,-32.09,-14.099,-60.0,5,2.0,0.0,0.3,0.1,1400,700.0,7000,5500,30439.5,6.0,0.2,0.3,1579,1933
MATRIX,Offset Area Clearance,Tip Radiused,12.4,3.0,30.0,45.0,2,102.0,dummy toolholder name,0.1,126.0,82.0,8.8,53.136,-53.136,31.5,-31.5,-10.2,-60.0,5,2.0,0.0,0.3,0.1,1400,700.0,7000,5500,25705.4,6.0,0.2,0.3,1332,1501
MATRIX,Offset Area Clearance,End Mill,6.0,0.0,40.0,29.4,2,113.9,MINI-MINI CHCUK MMC8-90,0.1,126.0,82.0,3.9,52.639,-52.639,30.149,-30.149,-6.883,-60.0,5,2.0,0.0,0.05,0.1,1000,500.0,7000,5000,12121.0,3.0,0.2,0.05,840,891
MATRIX,Constant Z,End Mill,6.0,0.0,40.0,29.4,2,113.9,MINI-MINI CHCUK MMC8-90,0.005,126.0,82.0,8.8,15.498,-15.498,15.5,-18.71,-10.2,-60.0,5,2.0,0.0,0.0,0.0,700,70.0,7000,3500,1752.55,0.0,0.3,0.0,175,186
MATRIX,Offset Flat,End Mill,6.0,0.0,40.0,29.4,2,113.9,MINI-MINI CHCUK MMC8-90,0.005,126.0,82.0,19.0,52.447,-52.447,31.0,-31.0,-6.9,-60.0,5,2.0,0.0,0.0,0.0,700,350.0,7000,5000,1924.17,2.0,0.0,0.0,249,273
MATRIX,Raster,Ball Nosed,6.0,3.0,50.5,30.4,2,114.4,MINI-MINI CHCUK MMC8-90,0.005,126.0,82.0,19.0,53.869,-53.869,28.7,-28.7,-6.801,-60.0,5,2.0,0.0,0.0,0.0,1200,600.0,7000,7000,1392.32,0.2,0.0,0.0,137,250
MATRIX,3D Offset,Ball Nosed,6.0,3.0,50.5,30.4,2,114.4,MINI-MINI CHCUK MMC8-90,0.005,126.0,82.0,19.0,53.887,-53.887,31.999,-32.021,-5.836,-60.0,5,2.0,0.0,0.0,0.0,1200,600.0,7000,7000,1209.86,0.1,0.0,0.0,68,89
MATRIX,Constant Z,End Mill,6.0,0.0,40.0,20.0,2,104.5,MINI-MINI CHCUK MMC8-90,0.01,126.0,82.0,16.0,20.992,-20.96,12.7,-12.7,-3.001,-60.0,5,2.0,0.0,0.3,0.0,1000,500.0,7000,5000,5458.14,0.0,0.25,0.3,395,560
MATRIX,Constant Z,End Mill,6.0,0.0,40.0,20.0,2,104.5,MINI-MINI CHCUK MMC8-90,0.01,126.0,82.0,16.0,21.06,-21.219,13.0,-13.0,-3.001,-60.0,5,2.0,0.0,0.0,0.0,1000,500.0,7000,5000,2114.35,0.0,0.3,0.0,153,189
PRO,Drilling,Drill,1.0,0.0,2.0,15.0,2,149.0,dummy toolholder name,0.005,110.0,110.0,9.5,17.0,-17.0,0.0,0.0,20.0,9.0,5,2.0,0.0,0.0,0.0,60,30.0,7000,1500,6.0,0.0,0.0,0.0,6,89
PRO,Drilling,Drill,6.0,0.0,80.0,40.0,2,174.0,dummy toolholder name,0.005,110.0,110.0,9.5,17.0,-17.0,0.0,0.0,20.0,-4.0,5,2.0,0.0,0.0,0.0,40,20.0,7000,800,37.2,0.0,0.0,0.0,60,95
PRO,Offset Area Clearance,Tip Radiused,12.4,3.0,30.0,45.0,2,102.0,dummy toolholder name,0.05,102.0,102.0,9.5,24.995,-24.995,0.238,-50.995,20.0,0.838,5,2.0,0.0,0.2,0.1,1200,600.0,7000,5500,14033.7,5.0,0.3,0.2,835,857
PRO,Offset Area Clearance,Ball Nosed,6.0,3.0,50.5,15.0,2,99.0,MINI-MINI CHCUK MMC8-90,0.05,102.0,102.0,9.5,3.061,-3.065,4.995,-3.722,20.0,0.838,5,2.0,0.0,0.2,0.1,1200,600.0,7000,6000,398.913,5.0,0.3,0.2,29,62
PRO,Offset Area Clearance,Ball Nosed,4.0,2.0,9.2,15.0,2,99.0,MINI-MINI CHCUK MMC8-90,0.05,110.0,110.0,9.5,1.684,-1.695,55.228,0.0,20.0,1.198,5,2.0,0.0,0.2,0.1,1000,500.0,7000,9000,2374.71,2.0,0.15,0.2,175,205
PRO,Constant Z,End Mill,6.0,0.0,40.0,15.0,2,99.5,MINI-MINI CHCUK MMC8-90,0.003,110.0,110.0,9.5,25.06,-25.061,2.672,-55.167,20.0,0.891,5,2.0,0.0,0.0,0.0,1200,600.0,7000,4000,3332.19,0.0,0.3,0.0,215,250
PRO,Offset Flat,End Mill,6.0,0.0,40.0,15.0,2,99.5,MINI-MINI CHCUK MMC8-90,0.003,110.0,110.0,9.5,22.339,-22.339,1.999,-51.0,20.0,0.7,5,2.0,0.0,0.0,0.0,1000,500.0,7000,5000,549.314,4.0,0.0,0.0,36,47
PRO,Constant Z,End Mill,6.0,0.0,40.0,15.0,2,99.5,MINI-MINI CHCUK MMC8-90,0.003,110.0,110.0,10.5,17.499,-17.499,0.499,-0.499,20.0,-1.0,5,2.0,0.0,0.0,0.0,700,350.0,7000,3500,664.458,0.0,0.1,0.0,59,70
PRO,Constant Z,End Mill,4.0,0.0,40.0,10.8,2,94.8,MINI-MINI CHCUK MMC8-90,0.001,110.0,110.0,9.5,8.34,-8.344,54.462,0.0,20.0,0.792,5,2.0,0.0,0.0,0.0,1000,500.0,7000,5000,2259.56,0.0,0.2,0.0,208,244
PRO,Interleaved Constant Z,End Mill,4.0,0.0,40.0,10.0,2,94.0,MINI-MINI CHCUK MMC8-90,0.005,110.0,110.0,9.5,2.074,-1.998,52.997,-0.327,20.0,0.898,5,2.0,0.0,0.0,0.0,360,180.0,7000,4500,110.214,0.5,0.0,0.0,19,32
SPLUS,Offset Area Clearance,Tip Radiused,12.4,3.0,30.0,45.0,2,102.0,dummy toolholder name,0.11,85.0,110.003,110.001,12.191,-12.191,102.132,32.362,80.0,54.702,5,2.0,0.2,0.0,0.0,1400,700.0,7000,5500,72.339,6.0,0.3,0.2,8,10
SPLUS,Offset Area Clearance,Tip Radiused,12.4,3.0,30.0,45.0,2,102.0,dummy toolholder name,0.11,85.0,110.003,110.001,13.18,-13.18,102.132,32.362,80.0,41.813,5,2.0,0.2,0.0,0.0,1600,800.0,7000,6000,18339.9,6.0,0.3,0.2,785,842
SPLUS,Offset Area Clearance,Ball Nosed,4.0,2.0,15.0,22.0,2,105.0,dummy toolholder name,0.11,85.0,110.003,110.001,16.007,-16.003,106.25,28.25,80.0,41.514,5,2.0,0.25,0.0,0.0,1200,600.0,7000,9000,2004.58,1.5,0.3,0.25,249,367
SPLUS,Optimised Constant Z,Ball Nosed,4.0,2.0,15.0,22.0,2,105.0,dummy toolholder name,0.007,85.0,110.003,110.001,17.233,-17.233,106.519,27.982,80.0,40.754,5,2.0,0.0,0.0,0.0,1600,800.0,7000,9000,8642.21,0.5,0.0,0.0,325,410
SPLUS,Constant Z,Ball Nosed,2.0,1.0,5.0,15.0,2,98.0,dummy toolholder name,0.01,124.733,3.0,5.5,0.627,-0.631,108.747,25.756,80.0,55.3,5,1.0,0.0,0.02,0.0,1400,700.0,7000,10000,504.266,0.0,0.1,0.02,22,30
SPLUS,Constant Z,Ball Nosed,2.0,1.0,5.0,15.0,2,98.0,dummy toolholder name,0.01,124.733,3.0,5.5,0.505,-0.506,108.622,25.878,80.0,51.0,5,1.0,0.0,0.02,0.0,1400,700.0,7000,10000,7194.38,0.0,0.1,0.02,314,380
SPLUS,Constant Z,Ball Nosed,2.0,1.0,15.0,22.0,2,105.0,dummy toolholder name,0.03,124.733,3.0,15.5,0.485,-0.485,128.602,5.898,80.0,41.303,5,1.0,0.0,0.015,0.0,1400,700.0,7000,10000,21870.1,0.0,0.1,0.015,953,1015
SPLUS,Constant Z,Ball Nosed,2.0,1.0,15.0,22.0,2,105.0,dummy toolholder name,0.006,124.733,3.0,14.2,0.715,-0.528,128.642,6.239,80.0,41.449,5,1.0,0.0,-0.025,0.0,1400,700.0,7000,10000,19021.9,0.0,0.15,-0.025,829,891
SPLUS,Pattern,End Mill,3.0,0.0,30.0,20.0,2,103.0,dummy toolholder name,0.006,124.733,3.0,25.5,0.015,-0.015,109.584,24.916,62.95,41.334,5,1.0,0.0,-0.1,0.0,400,200.0,7000,5000,2710.33,5.0,0.0,-0.1,414,442
SPLUS,Pattern,End Mill,3.0,0.0,30.0,20.0,2,103.0,dummy toolholder name,0.005,124.733,3.0,25.5,0.035,-0.035,109.604,24.896,80.0,41.304,5,1.0,0.0,-0.1,0.0,400,200.0,7000,5000,678.129,5.0,0.0,-0.1,104,110
SPLUS,Pattern,End Mill,3.0,0.0,30.0,20.0,2,103.0,dummy toolholder name,0.005,124.733,3.0,55.5,0.0,-0.05,108.094,26.406,80.0,41.3,5,1.0,0.0,-0.4,0.0,400,200.0,7000,5000,310.755,5.0,0.0,-0.4,51,55
PRO,Constant Z,End Mill,8.0,0.0,40.0,29.1,2,77.1,dummy toolholder name,0.004,160.0,160.0,2.25,63.499,-63.5,63.5,-66.554,50.0,-2.0,5,3.0,0.0,0.5,0.0,1600,800.0,7000,7000,797.955,0.0,1.0,0.5,32,106
PRO,Drilling,Drill,3.0,0.0,4.5,30.0,2,164.0,dummy toolholder name,0.004,18.872,18.872,0.0,32.718,-32.718,32.718,-32.718,50.0,-3.0,5,3.0,0.0,0.0,0.0,28,3.0,3000,1400,48.0,0.0,0.0,0.0,115,139
PRO,Drilling,Drill,8.5,0.0,42.5,50.0,2,184.0,dummy toolholder name,0.004,18.872,18.872,0.0,32.718,-32.718,32.718,-32.718,50.0,-35.0,5,3.0,0.0,0.0,0.0,39,4.0,3000,490,345.345,0.0,0.0,0.0,656,630
PRO,Constant Z,End Mill,8.0,0.0,40.0,32.1,2,80.1,dummy toolholder name,0.006,115.909,115.909,30.25,33.282,-33.282,33.282,-33.282,50.0,-29.999,5,3.0,0.0,-0.05,0.0,1600,800.0,7000,7000,4876.02,0.0,0.2,-0.05,198,272
PRO,Constant Z,End Mill,8.0,0.0,40.0,32.1,2,80.1,dummy toolholder name,0.005,44.0,9.0,4.975,24.913,-24.913,-60.0,-63.0,50.0,-4.975,5,3.0,0.0,0.0,0.0,1600,800.0,7000,7000,1095.66,0.0,0.2,0.0,96,111
PRO,Constant Z,Ball Nosed,6.0,3.0,50.5,33.3,2,117.3,MINI-MINI CHCUK MMC8-90,0.004,115.909,115.909,50.25,50.068,-50.067,50.08,-50.08,50.0,-31.455,5,3.0,0.0,0.0,0.0,1600,800.0,7000,7000,16402.1,0.0,0.2,0.0,624,685
PRO,Constant Z,Ball Nosed,6.0,3.0,50.5,33.3,2,117.3,MINI-MINI CHCUK MMC8-90,0.005,13.475,13.0,20.25,-18.514,-25.423,58.758,51.392,50.0,-19.994,5,3.0,0.0,0.1,0.0,1600,800.0,7000,7000,1326.75,0.0,0.2,0.1,88,126
PRO,Pattern,Ball Nosed,6.0,3.0,50.5,33.3,2,117.3,MINI-MINI CHCUK MMC8-90,0.004,130.0,130.0,27.25,48.792,-48.792,56.807,-49.093,50.0,-0.75,5,3.0,0.0,-0.5,0.0,1600,800.0,7000,7000,329.237,5.0,0.0,-0.5,30,46
PRO,Constant Z,End Mill,4.0,0.0,40.0,19.9,2,103.9,MINI-MINI CHCUK MMC8-90,0.005,13.475,13.0,18.25,-17.207,-26.625,58.236,50.077,50.0,-18.0,5,3.0,0.0,-0.025,0.0,500,250.0,7000,5000,1703.45,0.0,0.2,-0.025,307,328
PRO,Constant Z,End Mill,6.0,0.0,40.0,15.0,2,99.5,MINI-MINI CHCUK MMC8-90,0.005,94.0,94.0,2.0,37.999,-37.998,37.999,-41.108,26.0,-2.0,5,2.0,0.0,0.0,0.0,1000,500.0,7000,5000,238.756,0.0,1.0,0.0,15,35
PRO,Drilling,Drill,3.0,0.0,4.5,30.0,2,164.0,dummy toolholder name,0.025,94.0,94.0,2.0,25.0,-25.0,10.265,0.0,26.0,-3.0,5,2.0,0.0,0.0,0.0,28,3.0,7000,1400,15.0,0.0,0.0,0.0,33,59
PRO,Drilling,Drill,8.5,0.0,42.5,50.0,2,184.0,dummy toolholder name,0.025,94.0,94.0,2.0,25.0,-25.0,10.265,0.0,26.0,-20.0,5,2.0,0.0,0.0,0.0,39,4.0,7000,490,76.8,0.0,0.0,0.0,125,170
PRO,Offset Area Clearance,Tip Radiused,12.4,3.0,30.0,45.0,2,102.0,dummy toolholder name,0.025,94.0,94.0,14.0,27.59,-27.594,21.875,-2.605,26.0,-14.0,5,2.0,0.0,0.2,0.0,1400,700.0,7000,5500,6305.3,5.0,0.3,0.2,369,490
PRO,Constant Z,End Mill,6.0,0.0,40.0,18.8,2,103.3,MINI-MINI CHCUK MMC8-90,0.005,60.0,60.0,3.2,12.498,-12.497,22.763,-2.232,26.0,-16.2,5,2.0,0.0,0.5,0.0,1000,500.0,7000,5000,706.731,0.0,0.5,0.5,43,65
PRO,Constant Z,End Mill,6.0,0.0,40.0,18.8,2,103.3,MINI-MINI CHCUK MMC8-90,0.05,60.0,60.0,17.0,12.827,-12.828,23.094,-2.563,26.0,-16.995,5,2.0,0.0,0.15,0.0,1000,500.0,7000,5000,1531.39,0.0,1.0,0.15,93,115
PRO,Constant Z,End Mill,6.0,0.0,40.0,18.8,2,103.3,MINI-MINI CHCUK MMC8-90,0.005,60.0,60.0,17.0,13.01,-13.01,23.276,-2.743,26.0,-17.0,5,2.0,0.0,-0.011,0.0,1000,500.0,7000,5000,1553.09,0.0,1.0,-0.011,94,116
PRO,Constant Z,End Mill,6.0,0.0,40.0,18.8,2,103.3,MINI-MINI CHCUK MMC8-90,0.005,94.0,94.0,14.0,28.999,-28.999,3.998,-3.998,26.0,-9.5,5,2.0,0.0,0.0,0.0,1000,500.0,7000,5000,1858.83,0.0,0.25,0.0,115,138
PRO,Constant Z,End Mill,6.0,0.0,40.0,18.8,2,103.3,MINI-MINI CHCUK MMC8-90,0.005,10.488,11.852,17.0,-10.151,-15.295,20.368,15.081,26.0,-16.999,5,2.0,0.0,-0.04,0.0,1000,500.0,7000,5000,734.902,0.0,0.25,-0.04,64,97
